,Name,Party,Position,Score,State,Tenure,YOB
0,"Abercrombie, Neil",D,Rep,-2521968600000.0,HI,7,1938
1,"Ackerman, Gary Leonard",D,Rep,-2523687100000.0,NY,8,1942
2,"Aderholt, Robert",R,Rep,-2781849600000.0,AL,11,1965
3,"Allen, Thomas H.",D,Rep,-2527743100000.0,ME,6,1945
4,"Andrews, Robert Ernest",D,Rep,-2568296100000.0,NJ,9,1957
5,"Archer, William Reynolds, Jr.",R,Rep,-246798200000.0,TX,2,1928
6,"Armey, Richard Keith",R,Rep,-359760600000.0,TX,3,1940
7,"Bachus, Spencer T., III",R,Rep,-1747801600000.0,AL,9,1947
8,"Baesler, Henry Scott (Scotty)",D,Rep,-228775700000.0,KY,1,1941
9,"Baker, Richard Hugh",R,Rep,-1681302600000.0,LA,6,1948
10,"Baldacci, John Elias",D,Rep,-1343728500000.0,ME,3,1955
11,"Ballenger, Cass",R,Rep,-1443486100000.0,NC,4,1926
12,"Barcia, James A.",D,Rep,-1367938100000.0,MI,3,1952
13,"Barr, Bob",R,Rep,-349778300000.0,GA,3,1948
14,"Barrett, Thomas M.",D,Rep,-316135700000.0,WI,3,1953
15,"Barrett, William E.",R,Rep,-270998200000.0,NE,2,1929
16,"Bartlett, Roscoe Gardner",R,Rep,-2705841600000.0,MD,8,1926
17,"Barton, Joe Linus",R,Rep,-2749033100000.0,TX,11,1949
18,"Bass, Charles Foster",R,Rep,-1658461100000.0,NH,6,1952
19,"Bateman, Herbert Harvell",R,Rep,-254100200000.0,VA,2,1928
20,"Becerra, Xavier",D,Rep,-2246352100000.0,CA,11,1958
21,"Bentsen, Kenneth E., Jr.",D,Rep,-1348280100000.0,TX,3,1959
22,"Bereuter, Douglas Kent",R,Rep,-1382448100000.0,NE,4,1939
23,"Berman, Howard Lawrence",D,Rep,-1385232800000.0,CA,8,1941
24,"Berry, Robert Marion",D,Rep,-2570470600000.0,AR,7,1942
25,"Bilbray, Brian P.",R,Rep,-315797200000.0,CA,6,1951
26,"Bilirakis, Michael",R,Rep,-2688218600000.0,FL,5,1930
27,"Bishop, Sanford Dixon, Jr.",D,Rep,-2522470100000.0,GA,11,1947
28,"Blagojevich, Rod R.",D,Rep,-1325741500000.0,IL,3,1956
29,"Bliley, Thomas Jerome, Jr.",R,Rep,-272198200000.0,VA,2,1932
30,"Blumenauer, Earl",D,Rep,-845098100000.0,OR,11,1948
31,"Blunt, Roy",R,Rep,-2714038900000.0,MO,7,1950
32,"Boehlert, Sherwood Louis",R,Rep,-1520360600000.0,NY,5,1936
33,"Boehner, John Andrew",R,Rep,-2238713600000.0,OH,9,1949
34,"Bonilla, Henry",R,Rep,-2670686600000.0,TX,5,1954
35,"Bonior, David Edward",D,Rep,-1273022500000.0,MI,3,1945
36,"Bono, Mary",R,Rep,-2711450800000.0,CA,8,1961
37,"Bono, Sonny",R,Rep,-229250200000.0,CA,1,1935
38,"Borski, Robert Anthony, Jr.",D,Rep,-316295100000.0,PA,3,1948
39,"Boswell, Leonard L.",D,Rep,-1433976100000.0,IA,8,1934
40,"Boucher, Frederick C.",D,Rep,-2509545600000.0,VA,7,1946
41,"Boyd, F. Allen, Jr.",D,Rep,-2571803100000.0,FL,7,1945
42,"Brady, Kevin Patrick",R,Rep,-2786491600000.0,TX,11,1955
43,"Brady, Robert A.",D,Rep,-1483121900000.0,PA,11,1945
44,"Brown, Corrine",D,Rep,-1307080100000.0,FL,10,1946
45,"Brown, George Edward, Jr.",D,Rep,-230338200000.0,CA,2,1920
46,"Brown, Sherrod",D,Rep,-1375336600000.0,OH,5,1952
47,"Bryant, Ed",R,Rep,-1388527600000.0,TN,3,1948
48,"Bunning, James Paul David",R,Rep,-229250200000.0,KY,1,1931
49,"Burr, Richard M.",R,Rep,-1222537100000.0,NC,4,1955
50,"Burton, Danny Lee",R,Rep,-1704780500000.0,IN,8,1938
51,"Buyer, Stephen Earle",R,Rep,-2705261800000.0,IN,7,1958
52,"Callahan, Herbert Leon (Sonny)",R,Rep,-355512600000.0,AL,3,1932
53,"Calvert, Ken",R,Rep,-2774673100000.0,CA,11,1953
54,"Camp, David Lee",R,Rep,-2785969100000.0,MI,9,1953
55,"Campbell, Thomas J.",R,Rep,-20513700000.0,CA,2,1952
56,"Canady, Charles Terrance",R,Rep,-272198200000.0,FL,2,1954
57,"Cannon, Christopher B.",R,Rep,-2756954600000.0,UT,6,1950
58,"Capps, Lois",D,Rep,-2525331600000.0,CA,10,1938
59,"Capps, Walter Holden",D,Rep,-227820200000.0,CA,1,1934
60,"Cardin, Benjamin Louis",D,Rep,-1419474100000.0,MD,5,1943
61,"Carson, Julia May",D,Rep,-2463796800000.0,IN,6,1938
62,"Castle, Michael Newbold",R,Rep,-1241578600000.0,DE,7,1939
63,"Chabot, Steve",R,Rep,-1507652100000.0,OH,10,1953
64,"Chambliss, Saxby",R,Rep,-1388527600000.0,GA,3,1943
65,"Chenoweth-hage, Helen P.",R,Rep,0.0,ID,2,1938
66,"Christensen, Donna Marie",D,Rep,0.0,VI,8,1945
67,"Christensen, Jon Lynn",R,Rep,-224270200000.0,NE,1,1963
68,"Clay, William Lacy, Sr.",D,Rep,-234405700000.0,MO,2,1931
69,"Clayton, Eva M.",D,Rep,-1297812600000.0,NC,3,1934
70,"Clement, Robert Nelson",D,Rep,-1348195100000.0,TN,3,1943
71,"Clyburn, James Enos",D,Rep,-2480357600000.0,SC,11,1940
72,"Coble, Howard",R,Rep,-2771820100000.0,NC,9,1931
73,"Coburn, Thomas Allen",R,Rep,-266450200000.0,OK,2,1948
74,"Collins, Michael Allen (Mac)",R,Rep,-1421526000000.0,GA,4,1944
75,"Combest, Larry Ed",R,Rep,-1387412600000.0,TX,4,1945
76,"Condit, Gary Adrian",D,Rep,-1302952800000.0,CA,3,1948
77,"Conyers, John, Jr.",D,Rep,-930846800000.0,MI,11,1929
78,"Cook, Merrill",R,Rep,-272198200000.0,UT,2,1946
79,"Cooksey, John",R,Rep,-1388318600000.0,LA,3,1941
80,"Costello, Jerry Francis",D,Rep,-2480634600000.0,IL,8,1949
81,"Cox, Charles Christopher",R,Rep,-1135504500000.0,CA,5,1952
82,"Coyne, William Joseph",D,Rep,-275180100000.0,PA,3,1936
83,"Cramer, Robert E. (Bud), Jr.",D,Rep,-2709811100000.0,AL,6,1947
84,"Crane, Philip Miller",R,Rep,-189036100000.0,IL,4,1930
85,"Crapo, Michael Dean",R,Rep,-229138200000.0,ID,1,1951
86,"Cubin, Barbara L.",R,Rep,-2649885800000.0,WY,6,1946
87,"Cummings, Elijah Eugene",D,Rep,-2526887600000.0,MD,11,1951
88,"Cunningham, Randall (Duke)",R,Rep,-2536639100000.0,CA,5,1941
89,"Danner, Patsy Ann (Pat)",D,Rep,-242981700000.0,MO,2,1934
90,"Davis, Danny K.",D,Rep,-1972474600000.0,IL,11,1941
91,"Davis, Jim",D,Rep,-2356663100000.0,FL,5,1957
92,"Davis, Thomas M., III",R,Rep,-272198200000.0,VA,6,1949
93,"Deal, John Nathan",R,Rep,-2755328600000.0,GA,7,1942
94,"Defazio, Peter Anthony",D,Rep,0.0,OR,11,1947
95,"Degette, Diana",D,Rep,0.0,CO,11,1957
96,"Delahunt, Bill",D,Rep,-991848600000.0,MA,7,1941
97,"Delauro, Rosa L.",D,Rep,0.0,CT,11,1943
98,"Delay, Thomas Dale",R,Rep,0.0,TX,5,1947
99,"Dellums, Ronald V.",D,Rep,-1658700000.0,CA,1,1935
100,"Deutsch, Peter R.",D,Rep,-273189100000.0,FL,4,1957
101,"Diaz-balart, Lincoln",R,Rep,0.0,FL,7,1954
102,"Dickey, Jay W., Jr.",R,Rep,-270886200000.0,AR,2,1939
103,"Dicks, Norman DeValois",D,Rep,-2470436100000.0,WA,8,1940
104,"Dingell, John David, Jr.",D,Rep,-2251335100000.0,MI,9,1926
105,"Dixon, Julian Carey",D,Rep,-247523700000.0,CA,2,1934
106,"Doggett, Lloyd Alton, II",D,Rep,-1448891100000.0,TX,11,1946
107,"Dooley, Calvin M.",D,Rep,-1391336100000.0,CA,4,1954
108,"Doolittle, John Taylor",R,Rep,-1725143600000.0,CA,6,1950
109,"Doyle, Michael F.",D,Rep,-2506739100000.0,PA,11,1953
110,"Dreier, David Timothy",R,Rep,-1679638600000.0,CA,8,1952
111,"Duncan, John J., Jr.",R,Rep,-1184708100000.0,TN,11,1947
112,"Dunn, Jennifer Blackburn",R,Rep,-417248500000.0,WA,4,1941
113,"Edwards, Thomas Chester (Chet)",D,Rep,-2580203100000.0,TX,7,1951
114,"Ehlers, Vernon James",R,Rep,-2760198100000.0,MI,7,1934
115,"Ehrlich, Robert L., Jr.",R,Rep,-1393069600000.0,MD,3,1957
116,"Emerson, Jo Ann",R,Rep,-2262913100000.0,MO,9,1950
117,"Engel, Eliot Lance",D,Rep,-2526998600000.0,NY,11,1947
118,"English, Philip Sheridan",R,Rep,-2760428600000.0,PA,6,1956
119,"Ensign, John Eric",R,Rep,-229250200000.0,NV,1,1958
120,"Eshoo, Anna Georges",D,Rep,-1486050100000.0,CA,11,1942
121,"Etheridge, Bobby R.",D,Rep,-2523157100000.0,NC,7,1941
122,"Evans, Lane Allen",D,Rep,-1961747000000.0,IL,5,1951
123,"Everett, Robert Terry",R,Rep,-2743298600000.0,AL,6,1937
124,"Ewing, Thomas W.",R,Rep,-50173200000.0,IL,2,1935
125,"Farr, Sam",D,Rep,-2527293100000.0,CA,10,1941
126,"Fattah, Chaka",D,Rep,-1474465600000.0,PA,10,1956
127,"Fawell, Harris W.",R,Rep,-229250200000.0,IL,1,1929
128,"Fazio, Victor Herbert, Jr.",D,Rep,-7113200000.0,CA,1,1942
129,"Filner, Bob",D,Rep,-1979054600000.0,CA,8,1942
130,"Flake, Floyd Harold",D,Rep,-1658700000.0,NY,1,1945
131,"Foglietta, Thomas Michael",D,Rep,-1658700000.0,PA,1,1928
132,"Foley, Mark A.",R,Rep,-2696265600000.0,FL,5,1954
133,"Forbes, Michael Patrick",R,Rep,-229975700000.0,NY,2,1952
134,"Ford, Harold, Jr.",D,Rep,-2436111600000.0,TN,5,1970
135,"Fossella, Vito John",R,Rep,-1684994900000.0,NY,6,1965
136,"Fowler, Tillie Kidd",R,Rep,-266344200000.0,FL,2,1942
137,"Fox, Jon D.",R,Rep,-229250200000.0,PA,1,1947
138,"Frank, Barney",D,Rep,-701286100000.0,MA,8,1940
139,"Franks, Robert Douglas",R,Rep,-259198200000.0,NJ,2,1951
140,"Frelinghuysen, Rodney P.",R,Rep,-1753248600000.0,NJ,11,1946
141,"Frost, Jonas Martin",D,Rep,-1400306100000.0,TX,4,1942
142,"Furse, Elizabeth",D,Rep,-228775700000.0,OR,1,1936
143,"Gallegly, Elton W.",R,Rep,-2749338600000.0,CA,8,1944
144,"Ganske, Greg",R,Rep,-1368327600000.0,IA,3,1949
145,"Gejdenson, Samuel",D,Rep,-247523700000.0,CT,2,1948
146,"Gekas, George William",R,Rep,-1393154600000.0,PA,3,1930
147,"Gephardt, Richard Andrew",D,Rep,-304298600000.0,MO,4,1941
148,"Gibbons, James A.",R,Rep,-1656206600000.0,NV,5,1944
149,"Gilchrest, Wayne Thomas",R,Rep,-2723848600000.0,MD,6,1946
150,"Gillmor, Paul Eugene",R,Rep,-2674739600000.0,OH,6,1939
151,"Gilman, Benjamin Arthur",R,Rep,-1393154600000.0,NY,3,1922
152,"Gingrich, Newton Leroy",R,Rep,-1430000000.0,US,1,1943
153,"González, Henry B.",D,Rep,0.0,TX,1,1916
154,"Goode, Virgil H., Jr.",D,Rep,-252975700000.0,VA,6,1946
155,"Goodlatte, Robert William",R,Rep,-2758185500000.0,VA,11,1952
156,"Goodling, William Franklin",R,Rep,-270998200000.0,PA,2,1927
157,"Gordon, Barton Jennings",D,Rep,-2659511100000.0,TN,7,1949
158,"Goss, Porter J.",R,Rep,-415948100000.0,FL,4,1938
159,"Graham, Lindsey O.",R,Rep,-1165387600000.0,SC,3,1955
160,"Granger, Kay",R,Rep,-2774093600000.0,TX,11,1943
161,"Green, Raymond Eugene (Gene)",D,Rep,-1350933400000.0,TX,11,1947
162,"Greenwood, James Charles",R,Rep,-1449104100000.0,PA,4,1951
163,"Gutiérrez, Luis V.",D,Rep,0.0,IL,11,1953
164,"Gutknecht, Gilbert W.",R,Rep,-2681036100000.0,MN,5,1951
165,"Hall, Ralph Moody",D,Rep,-1408637600000.0,TX,9,1923
166,"Hall, Tony Patrick",D,Rep,-1124957100000.0,OH,3,1942
167,"Hamilton, Lee Herbert",D,Rep,-228663700000.0,IN,1,1931
168,"Hansen, James Vear",R,Rep,-1388527600000.0,UT,3,1932
169,"Harman, Jane L.",D,Rep,-1158088600000.0,CA,7,1945
170,"Hastert, John Dennis",R,Rep,-948367200000.0,IL,6,1942
171,"Hastings, Alcee Lamar",D,Rep,-1981168000000.0,FL,11,1936
172,"Hastings, Richard Norman (Doc)",R,Rep,-2154061800000.0,WA,9,1941
173,"Hayworth, John D., Jr.",R,Rep,-2469495600000.0,AZ,5,1958
174,"Hefley, Joel M.",R,Rep,-1593816100000.0,CO,5,1935
175,"Hefner, Willie Gathrel (Bill)",D,Rep,-228434000000.0,NC,1,1930
176,"Herger, Walter William (Wally)",R,Rep,-2533674900000.0,CA,8,1945
177,"Hill, Rick",R,Rep,-48498700000.0,MT,2,1946
178,"Hilleary, Van",R,Rep,-1386029600000.0,TN,3,1959
179,"Hilliard, Earl Frederick",D,Rep,-1301474100000.0,AL,3,1942
180,"Hinchey, Maurice Dunlea",D,Rep,-935516600000.0,NY,8,1938
181,"Hinojosa, Rubén",D,Rep,-2516253100000.0,TX,10,1940
182,"Hobson, David Lee",R,Rep,-2714816600000.0,OH,6,1936
183,"Hoekstra, Peter",R,Rep,-1462894900000.0,MI,7,1953
184,"Holden, Thomas Timothy (Tim)",D,Rep,-2481470100000.0,PA,8,1957
185,"Hooley, Darlene",D,Rep,-2517653100000.0,OR,6,1939
186,"Horn, John Stephen (Steve)",R,Rep,-1393154600000.0,CA,3,1931
187,"Hostettler, John Nathan",R,Rep,-2679947100000.0,IN,5,1961
188,"Houghton, Amory, Jr.",R,Rep,-411141100000.0,NY,4,1926
189,"Hoyer, Steny Hamilton",D,Rep,-2525873100000.0,MD,11,1939
190,"Hulshof, Kenny",R,Rep,-2693608900000.0,MO,6,1958
191,"Hunter, Duncan Lee",R,Rep,-2650071600000.0,CA,6,1948
192,"Hutchinson, Asa",R,Rep,-281792200000.0,AR,3,1950
193,"Hyde, Henry John",R,Rep,-2574340600000.0,IL,5,1924
194,"Inglis, Robert Durden",R,Rep,-1514429200000.0,SC,4,1959
195,"Istook, Ernest James, Jr.",R,Rep,-1637600600000.0,OK,5,1950
196,"Jackson, Jesse L., Jr.",D,Rep,-1973894600000.0,IL,8,1965
197,"Jackson lee, Sheila",D,Rep,0.0,TX,11,1950
198,"Jefferson, William Jennings",D,Rep,-2526544100000.0,LA,6,1947
199,"Jenkins, William Lewis",R,Rep,-2688113600000.0,TN,5,1936
200,"John, Christopher",D,Rep,-1350747600000.0,LA,4,1960
201,"Johnson, Eddie Bernice",D,Rep,0.0,TX,11,1935
202,"Johnson, Jay W.",D,Rep,-228775700000.0,WI,1,1943
203,"Johnson, Nancy Lee",R,Rep,-1660748600000.0,CT,5,1935
204,"Johnson, Sam",R,Rep,0.0,TX,11,1930
205,"Jones, Walter Beaman, Jr.",R,Rep,-1998600100000.0,NC,11,1943
206,"Kanjorski, Paul E.",D,Rep,-1489954600000.0,PA,7,1937
207,"Kaptur, Marcia Carolyn (Marcy)",D,Rep,-1451337100000.0,OH,11,1946
208,"Kasich, John Richard",R,Rep,-50173200000.0,OH,2,1952
209,"Kelly, Sue W.",R,Rep,-2692760600000.0,NY,5,1936
210,"Kennedy, Joseph Patrick, II",D,Rep,-229250200000.0,MA,1,1952
211,"Kennedy, Patrick Joseph",D,Rep,-2523230100000.0,RI,7,1967
212,"Kennelly, Barbara Bailey",D,Rep,-228775700000.0,CT,1,1936
213,"Kildee, Dale Edward",D,Rep,-2521854600000.0,MI,8,1929
214,"Kilpatrick, Carolyn Cheeks",D,Rep,-957165100000.0,MI,7,1945
215,"Kim, Jay C.",R,Rep,-229250200000.0,CA,1,1939
216,"Kind, Ron",D,Rep,-1527806600000.0,WI,11,1963
217,"King, Peter T.",R,Rep,-1715546600000.0,NY,11,1944
218,"Kingston, Jack",R,Rep,-2718729100000.0,GA,9,1955
219,"Kleczka, Gerald Daniel",D,Rep,-302809100000.0,WI,4,1943
220,"Klink, Ronald",D,Rep,-229975700000.0,PA,2,1951
221,"Klug, Scott L.",R,Rep,-228775700000.0,WI,1,1953
222,"Knollenberg, Joseph",R,Rep,-2760643600000.0,MI,6,1933
223,"Kolbe, James Thomas",R,Rep,-2691429600000.0,AZ,5,1942
224,"Kucinich, Dennis",D,Rep,-717729600000.0,OH,8,1946
225,"Lafalce, John Joseph",D,Rep,0.0,NY,3,1939
226,"Lahood, Ray H.",R,Rep,0.0,IL,6,1945
227,"Lampson, Nicholas V.",D,Rep,-1399976600000.0,TX,5,1945
228,"Lantos, Thomas Peter",D,Rep,-2439975100000.0,CA,6,1928
229,"Largent, Steve",R,Rep,-1375854200000.0,OK,3,1954
230,"Latham, Thomas",R,Rep,-2780731600000.0,IA,9,1948
231,"Latourette, Steven C.",R,Rep,0.0,OH,8,1954
232,"Lazio, Enrico A. (Rick)",R,Rep,-259192200000.0,NY,2,1958
233,"Leach, James Albert Smith",R,Rep,-2533460600000.0,IA,5,1942
234,"Lee, Barbara",D,Rep,-986662900000.0,CA,11,1946
235,"Levin, Sander Martin",D,Rep,-2527372100000.0,MI,11,1931
236,"Lewis, Charles Jeremy (Jerry)",R,Rep,-2714151600000.0,CA,8,1934
237,"Lewis, John R.",D,Rep,-2019487500000.0,GA,11,1940
238,"Lewis, Ron",R,Rep,-2748318600000.0,KY,6,1946
239,"Linder, John Elmer",R,Rep,-1682205100000.0,GA,7,1942
240,"Lipinski, William Oliver",D,Rep,-277092600000.0,IL,4,1937
241,"Livingston, Robert Linlithgow, Jr.",R,Rep,-229250200000.0,LA,2,1943
242,"Lobiondo, Frank A.",R,Rep,0.0,NJ,11,1946
243,"Lofgren, Zoe",D,Rep,-326876600000.0,CA,11,1947
244,"Lowey, Nita M.",D,Rep,-2524886500000.0,NY,11,1937
245,"Lucas, Frank D.",R,Rep,-2779820100000.0,OK,11,1960
246,"Luther, William Paul",D,Rep,-1330762100000.0,MN,3,1945
247,"Maloney, Carolyn Bosher",D,Rep,-1495472100000.0,NY,11,1946
248,"Maloney, James H.",D,Rep,-298838100000.0,CT,3,1948
249,"Manton, Thomas J.",D,Rep,-228775700000.0,NY,1,1932
250,"Manzullo, Donald A.",R,Rep,-2745899600000.0,IL,8,1944
251,"Markey, Edward John",D,Rep,-1448669600000.0,MA,9,1946
252,"Martínez, Matthew G.",D,Rep,0.0,CA,2,1929
253,"Mascara, Frank R.",D,Rep,-1343738100000.0,PA,3,1930
254,"Matsui, Robert T.",D,Rep,-1347596900000.0,CA,4,1941
255,"Mccarthy, Carolyn",D,Rep,0.0,NY,9,1944
256,"Mccarthy, Karen",D,Rep,0.0,MO,4,1947
257,"Mccollum, Ira William, Jr. (Bill)",R,Rep,0.0,FL,2,1944
258,"Mccrery, James O., III",R,Rep,0.0,LA,6,1949
259,"Mcdade, Joseph Michael",R,Rep,0.0,PA,1,1931
260,"Mcdermott, James A.",D,Rep,0.0,WA,10,1936
261,"Mcgovern, James P.",D,Rep,0.0,MA,11,1959
262,"Mchale, Paul F., Jr.",D,Rep,0.0,PA,1,1950
263,"Mchugh, John Michael",R,Rep,0.0,NY,7,1948
264,"Mcinnis, Scott",R,Rep,0.0,CO,4,1953
265,"Mcintosh, David Martin",R,Rep,0.0,IN,2,1958
266,"Mcintyre, Mike",D,Rep,0.0,NC,9,1956
267,"Mckeon, Howard P. (Buck)",R,Rep,0.0,CA,9,1938
268,"Mckinney, Cynthia Ann",D,Rep,0.0,GA,4,1955
269,"Mcnulty, Michael Robert",D,Rep,0.0,NY,6,1947
270,"Meehan, Martin Thomas",D,Rep,-1339424500000.0,MA,6,1956
271,"Meek, Carrie P.",D,Rep,-1347080100000.0,FL,3,1926
272,"Meeks, Gregory W.",D,Rep,-2489133400000.0,NY,11,1953
273,"Menendez, Robert",D,Rep,-1422716100000.0,NJ,5,1954
274,"Metcalf, Jack",R,Rep,-266456200000.0,WA,2,1927
275,"Mica, John L.",R,Rep,-1746601600000.0,FL,10,1943
276,"Millender-mcdonald, Juanita",D,Rep,0.0,CA,6,1938
277,"Miller, Daniel",R,Rep,-304981700000.0,FL,3,1942
278,"Miller, George",D,Rep,-228775700000.0,CA,9,1945
279,"Minge, David R.",D,Rep,-247523700000.0,MN,2,1942
280,"Mink, Patsy Takemoto",D,Rep,-1337089300000.0,HI,3,1927
281,"Moakley, John Joseph",D,Rep,-20956700000.0,MA,3,1927
282,"Molinari, Susan",R,Rep,-228700000.0,NY,1,1958
283,"Mollohan, Alan Bowlby",D,Rep,-1487848900000.0,WV,7,1943
284,"Moran, James P.",D,Rep,-1484582300000.0,VA,9,1945
285,"Moran, Jerry",R,Rep,-2520912100000.0,KS,7,1954
286,"Morella, Constance A.",R,Rep,-316854600000.0,MD,3,1931
287,"Murtha, John Patrick, Jr.",D,Rep,-1198910100000.0,PA,7,1932
288,"Myrick, Sue",R,Rep,-1679042600000.0,NC,8,1941
289,"Nadler, Jerrold Lewis",D,Rep,-1463741100000.0,NY,11,1947
290,"Neal, Richard Edmund",D,Rep,-1485875100000.0,MA,11,1949
291,"Nethercutt, George R., Jr.",R,Rep,-1443300100000.0,WA,4,1944
292,"Neumann, Mark W.",R,Rep,-224040500000.0,WI,1,1954
293,"Ney, Robert William",R,Rep,-2687937600000.0,OH,5,1954
294,"Northup, Anne Meagher",R,Rep,-1169819800000.0,KY,5,1948
295,"Norton, Eleanor Holmes",D,Rep,0.0,DC,11,1937
296,"Norwood, Charles W., Jr.",R,Rep,-2684854600000.0,GA,6,1941
297,"Nussle, James Allen",R,Rep,-2692439600000.0,IA,5,1960
298,"Oberstar, James Louis",D,Rep,-991466600000.0,MN,7,1934
299,"Obey, David Ross",D,Rep,-1413958600000.0,WI,7,1938
300,"Olver, John Walter",D,Rep,-973312600000.0,MA,8,1936
301,"Ortiz, Solomon P.",D,Rep,-2512310600000.0,TX,7,1937
302,"Owens, Major Robert Odell",D,Rep,-924653600000.0,NY,5,1936
303,"Oxley, Michael Garver",R,Rep,-2681266100000.0,OH,5,1944
304,"Packard, Ronald C.",R,Rep,-272198200000.0,CA,2,1931
305,"Pallone, Frank, Jr.",D,Rep,-2521854600000.0,NJ,11,1951
306,"Pappas, Michael James",R,Rep,-229250200000.0,NJ,1,1960
307,"Parker, Michael (Mike)",R,Rep,-229250200000.0,MS,1,1949
308,"Pascrell, William J., Jr.",D,Rep,-2569152600000.0,NJ,11,1937
309,"Pastor, Ed",D,Rep,-2516585600000.0,AZ,9,1943
310,"Paul, Ronald Ernest",R,Rep,-181959100000.0,TX,8,1935
311,"Paxon, L. William",R,Rep,-229250200000.0,NY,1,1954
312,"Payne, Donald Milford",D,Rep,-2019636600000.0,NJ,8,1934
313,"Pease, Edward Allan",R,Rep,-272198200000.0,IN,2,1951
314,"Pelosi, Nancy",D,Rep,-2453712100000.0,CA,11,1940
315,"Peterson, Collin Clark",D,Rep,-2480820600000.0,MN,11,1944
316,"Peterson, John",R,Rep,-2756016600000.0,PA,6,1938
317,"Petri, Thomas Evert",R,Rep,-1708644100000.0,WI,9,1940
318,"Pickering, Charles W. (Chip), Jr.",R,Rep,-2716343100000.0,MS,6,1963
319,"Pickett, Owen Bradford",D,Rep,-247886200000.0,VA,2,1930
320,"Pitts, Joseph R.",R,Rep,-1748657600000.0,PA,10,1939
321,"Pombo, Richard William",R,Rep,-2685220100000.0,CA,5,1961
322,"Pomeroy, Earl Ralph, III",D,Rep,-2576008100000.0,ND,7,1952
323,"Porter, John Edward",R,Rep,-271724700000.0,IL,2,1935
324,"Portman, Robert Jones (Rob)",R,Rep,-1939879100000.0,OH,5,1955
325,"Poshard, Glenn",D,Rep,-228775700000.0,IL,1,1945
326,"Price, David Eugene",D,Rep,-2522764100000.0,NC,11,1940
327,"Pryce, Deborah D.",R,Rep,-2716905600000.0,OH,6,1951
328,"Quinn, John Francis (Jack)",R,Rep,-384967600000.0,NY,4,1951
329,"Radanovich, George P.",R,Rep,-2743273600000.0,CA,7,1955
330,"Rahall, Nick Joe, II",D,Rep,-2516729600000.0,WV,9,1949
331,"Ramstad, James (Jim)",R,Rep,-1187369100000.0,MN,6,1946
332,"Rangel, Charles B.",D,Rep,-2007120600000.0,NY,10,1930
333,"Redmond, William Thomas",R,Rep,-229021500000.0,NM,1,1955
334,"Regula, Ralph Straus",R,Rep,-2760558600000.0,OH,6,1924
335,"Reyes, Silvestre",D,Rep,-2522108100000.0,TX,8,1944
336,"Richardson, Bill",D,Rep,0.0,NM,1,1947
337,"Riggs, Frank D.",R,Rep,-229138200000.0,CA,1,1950
338,"Riley, Robert",R,Rep,-1373579600000.0,AL,3,1944
339,"Rivers, Lynn Nancy",D,Rep,-316380100000.0,MI,3,1956
340,"Rodriguez, Ciro D.",D,Rep,-1413829600000.0,TX,6,1946
341,"Roemer, Timothy John",D,Rep,-1348754600000.0,IN,3,1956
342,"Rogan, James E.",R,Rep,-272198200000.0,CA,2,1957
343,"Rogers, Harold Dallas (Hal)",R,Rep,-2781904600000.0,KY,11,1937
344,"Rohrabacher, Dana",R,Rep,-1718124800000.0,CA,11,1947
345,"Romero-barceló, Carlos A.",R,Rep,0.0,PR,2,1932
346,"Ros-lehtinen, Ileana",R,Rep,0.0,FL,11,1952
347,"Rothman, Steven",D,Rep,-1479725100000.0,NJ,8,1952
348,"Roukema, Margaret Scafati",R,Rep,-348398200000.0,NJ,3,1929
349,"Roybal-allard, Lucille",D,Rep,0.0,CA,11,1941
350,"Royce, Edward Randall",R,Rep,-1503901900000.0,CA,11,1951
351,"Rush, Bobby L.",D,Rep,-1933944600000.0,IL,11,1946
352,"Ryun, Jim",R,Rep,-2691385600000.0,KS,5,1947
353,"Sabo, Martin Olav",D,Rep,-2497486600000.0,MN,5,1938
354,"Salmon, Matthew James",R,Rep,-75586700000.0,AZ,4,1958
355,"Sanchez, Loretta",D,Rep,-309920300000.0,CA,10,1960
356,"Sanders, Bernard",I,Rep,-1374055600000.0,VT,5,1941
357,"Sandlin, Max A.",D,Rep,-1355373600000.0,TX,4,1952
358,"Sanford, Mark",R,Rep,-43618000000.0,SC,5,1960
359,"Sawyer, Thomas Charles",D,Rep,-1348280100000.0,OH,3,1945
360,"Saxton, Hugh James",R,Rep,-2760643600000.0,NJ,6,1943
361,"Scarborough, Charles Joseph",R,Rep,-255923700000.0,FL,3,1963
362,"Schaefer, Daniel",R,Rep,0.0,CO,1,1936
363,"Schaffer, Robert W.",R,Rep,-1090631400000.0,CO,3,1962
364,"Schiff, Steven Harvey",R,Rep,0.0,NM,1,1947
365,"Schumer, Charles Ellis (Chuck)",D,Rep,-228775700000.0,NY,1,1950
366,"Scott, Robert C.",D,Rep,-2480140600000.0,VA,11,1947
367,"Sensenbrenner, Frank James, Jr.",R,Rep,-1170023000000.0,WI,11,1943
368,"Serrano, José E.",D,Rep,-2027494600000.0,NY,11,1943
369,"Sessions, Pete",R,Rep,-2542348600000.0,TX,11,1955
370,"Shadegg, John B.",R,Rep,-977956600000.0,AZ,7,1949
371,"Shaw, Eugene Clay, Jr.",R,Rep,-1663067600000.0,FL,5,1939
372,"Shays, Christopher H.",R,Rep,-1727975100000.0,CT,6,1945
373,"Sherman, Brad",D,Rep,-2523089100000.0,CA,11,1954
374,"Shimkus, John M.",R,Rep,-2784206600000.0,IL,11,1958
375,"Shuster, E. G. (Bud)",R,Rep,-1377374600000.0,PA,3,1932
376,"Sisisky, Norman",D,Rep,-243456200000.0,VA,3,1927
377,"Skaggs, David Evans",D,Rep,-223683700000.0,CO,1,1943
378,"Skeen, Joseph Richard",R,Rep,-1388612600000.0,NM,3,1927
379,"Skelton, Isaac Newton, IV (Ike)",D,Rep,-2577173600000.0,MO,7,1931
380,"Slaughter, Louise McIntosh",D,Rep,-996559600000.0,NY,11,1929
381,"Smith, Adam",D,Rep,-1272387600000.0,WA,11,1965
382,"Smith, Christopher Henry",R,Rep,-2782138600000.0,NJ,11,1953
383,"Smith, Lamar Seeligson",R,Rep,-2786446600000.0,TX,11,1947
384,"Smith, Linda",R,Rep,0.0,WA,1,1950
385,"Smith, Nick H.",R,Rep,-1421703600000.0,MI,4,1934
386,"Smith, Robert Freeman",R,Rep,-7225200000.0,OR,1,1931
387,"Snowbarger, Vincent K.",R,Rep,-229250200000.0,KS,1,1949
388,"Snyder, Victor F.",D,Rep,-2527656100000.0,AR,7,1947
389,"Solomon, Gerald Brooks Hunt",R,Rep,-229250200000.0,NY,1,1930
390,"Souder, Mark Edward",R,Rep,-2533991600000.0,IN,7,1950
391,"Spence, Floyd Davidson",R,Rep,-276056200000.0,SC,3,1928
392,"Spratt, John McKee, Jr.",D,Rep,-2521639900000.0,SC,7,1942
393,"Stabenow, Deborah Ann",D,Rep,-247523700000.0,MI,2,1950
394,"Stark, Fortney Hillman (Pete), Jr.",D,Rep,-683439600000.0,CA,8,1931
395,"Stearns, Clifford Bundy",R,Rep,-1475251600000.0,FL,8,1941
396,"Stenholm, Charles Walter",D,Rep,-1398631600000.0,TX,4,1938
397,"Stokes, Louis",D,Rep,-228663700000.0,OH,1,1925
398,"Strickland, Ted",D,Rep,-2412387600000.0,OH,5,1941
399,"Stump, Robert Lee",R,Rep,-1164742300000.0,AZ,3,1927
400,"Stupak, Bart T.",D,Rep,-1990098600000.0,MI,7,1952
401,"Sununu, John E.",R,Rep,-360054600000.0,NH,3,1964
402,"Talent, James Matthes",R,Rep,-267656200000.0,MO,2,1956
403,"Tanner, John S.",D,Rep,-2508028600000.0,TN,7,1944
404,"Tauscher, Ellen O'Kane",D,Rep,-1495657100000.0,CA,7,1951
405,"Tauzin, Wilbert Joseph (Billy)",R,Rep,-1443306100000.0,LA,4,1943
406,"Taylor, Charles Hart",R,Rep,-2669749600000.0,NC,5,1941
407,"Taylor, Gary Eugene (Gene)",D,Rep,-2574765100000.0,MS,7,1953
408,"Tejeda, Frank",D,Rep,0.0,TX,1,1945
409,"Thomas, William Marshall",R,Rep,-2681680800000.0,CA,5,1941
410,"Thompson, Bennie",D,Rep,-1448753600000.0,MS,11,1948
411,"Thornberry, William McClellan (Mac)",R,Rep,-2289004600000.0,TX,11,1958
412,"Thune, John",R,Rep,-1372954600000.0,SD,3,1961
413,"Thurman, Karen L.",D,Rep,-1333192600000.0,FL,3,1951
414,"Tiahrt, Todd",R,Rep,-2759273600000.0,KS,7,1951
415,"Tierney, John F.",D,Rep,-956708600000.0,MA,9,1951
416,"Torres, Esteban Edward",D,Rep,-228663700000.0,CA,1,1930
417,"Towns, Edolphus",D,Rep,-2484827300000.0,NY,8,1934
418,"Traficant, James A., Jr.",D,Rep,-1375644200000.0,OH,3,1941
419,"Turner, Jim",D,Rep,-1404373600000.0,TX,4,1946
420,"Underwood, Robert A.",D,Rep,0.0,GU,3,1948
421,"Upton, Frederick Stephen",R,Rep,-2650407100000.0,MI,11,1953
422,"Velázquez, Nydia M.",D,Rep,0.0,NY,11,1953
423,"Vento, Bruce Frank",D,Rep,-229975700000.0,MN,2,1940
424,"Visclosky, Peter",D,Rep,-1341442100000.0,IN,11,1949
425,"Walsh, James T.",R,Rep,-2737166600000.0,NY,6,1947
426,"Wamp, Zachary Paul",R,Rep,-1719918100000.0,TN,7,1957
427,"Waters, Maxine",D,Rep,-864764600000.0,CA,11,1938
428,"Watkins, Wesley Wade",R,Rep,-1380370100000.0,OK,3,1938
429,"Watt, Melvin L.",D,Rep,-2025191100000.0,NC,9,1945
430,"Watts, Julius Caesar, Jr. (J. C.)",R,Rep,-1391954600000.0,OK,3,1957
431,"Waxman, Henry Arnold",D,Rep,-1453243600000.0,CA,9,1939
432,"Weldon, David Joseph",R,Rep,-2747472600000.0,FL,6,1953
433,"Weldon, Wayne Curtis (Curt)",R,Rep,-2662537600000.0,PA,5,1947
434,"Weller, Gerald C. (Jerry)",R,Rep,-2747338600000.0,IL,6,1957
435,"Wexler, Robert",D,Rep,-1271986100000.0,FL,7,1961
436,"Weygand, Robert A.",D,Rep,-242981700000.0,RI,2,1948
437,"White, Richard Alan (Rick)",R,Rep,-229250200000.0,WA,1,1953
438,"Whitfield, Wayne Edward (Ed)",R,Rep,-2736145600000.0,KY,10,1943
439,"Wicker, Roger F.",R,Rep,-2691386600000.0,MS,6,1951
440,"Wilson, Heather",R,Rep,-2752601900000.0,NM,6,1960
441,"Wise, Robert Ellsworth, Jr.",D,Rep,-254175700000.0,WV,2,1948
442,"Wolf, Frank Rudolph",R,Rep,-2786648600000.0,VA,9,1939
443,"Woolsey, Lynn C.",D,Rep,-1979844600000.0,CA,8,1937
444,"Wynn, Albert Russell",D,Rep,-2487438100000.0,MD,6,1951
445,"Yates, Sidney Richard",D,Rep,-1541000000.0,IL,1,1909
446,"Young, Charles William (Bill)",R,Rep,-1022076600000.0,FL,9,1930
447,"Young, Donald Edwin",R,Rep,-2763336800000.0,AK,11,1933
448,"Baca, Joe",D,Rep,-2291809900000.0,CA,7,1947
449,"Baird, Brian",D,Rep,-1852641400000.0,WA,6,1956
450,"Baldwin, Tammy",D,Rep,-722818900000.0,WI,7,1962
451,"Berkley, Shelley",D,Rep,-2289501400000.0,NV,7,1951
452,"Biggert, Judy Borg",R,Rep,-1499323400000.0,IL,7,1937
453,"Capuano, Michael Everett",D,Rep,-1255483400000.0,MA,10,1952
454,"Crowley, Joseph",D,Rep,-2294266400000.0,NY,10,1962
455,"Demint, James W.",R,Rep,0.0,SC,3,1951
456,"Faleomavaega, Eni F. H.",D,Rep,0.0,AS,8,1943
457,"Fletcher, Ernest L.",R,Rep,-1201813400000.0,KY,3,1952
458,"Gonzalez, Charles A.",D,Rep,-2293327400000.0,TX,7,1945
459,"Green, Mark",R,Rep,-1429525900000.0,WI,4,1960
460,"Hayes, Robert (Robin)",R,Rep,-2524279900000.0,NC,5,1945
461,"Hill, Baron P.",D,Rep,-1243510900000.0,IN,5,1953
462,"Hoeffel, Joseph M.",D,Rep,-85613400000.0,PA,3,1950
463,"Holt, Rush",D,Rep,-2252763400000.0,NJ,8,1948
464,"Inslee, Jay Robert",D,Rep,-2257461400000.0,WA,7,1951
465,"Isakson, Johnny",R,Rep,-1206286400000.0,GA,3,1944
466,"Jones, Stephanie Tubbs",D,Rep,-731841400000.0,OH,5,1949
467,"Kuykendall, Steven T.",R,Rep,-42948000000.0,CA,1,1947
468,"Larson, John B.",D,Rep,-2297550900000.0,CT,10,1948
469,"Lucas, Ken",D,Rep,-1219938100000.0,KY,3,1933
470,"Miller, Gary G.",R,Rep,0.0,CA,8,1948
471,"Moore, Dennis",D,Rep,-2347923400000.0,KS,6,1945
472,"Napolitano, Grace Flores",D,Rep,-2280954400000.0,CA,10,1936
473,"Ose, Doug",R,Rep,-1219957900000.0,CA,3,1955
474,"Phelps, David Dwain",D,Rep,-1114962400000.0,IL,2,1947
475,"Reynolds, Thomas M.",R,Rep,-2531308400000.0,NY,5,1950
476,"Ryan, Paul D.",R,Rep,-1482540400000.0,WI,10,1970
477,"Schakowsky, Janice D.",D,Rep,-1759624900000.0,IL,10,1944
478,"Sherwood, Don",R,Rep,-1414648400000.0,PA,4,1941
479,"Shows, Clifford Ronald",D,Rep,-1109762400000.0,MS,2,1947
480,"Simpson, Michael K.",R,Rep,-2555111900000.0,ID,10,1950
481,"Sweeney, John E.",R,Rep,-2444067400000.0,NY,4,1955
482,"Tancredo, Thomas G.",R,Rep,-1256930400000.0,CO,5,1945
483,"Terry, Lee Raymond",R,Rep,-2553823400000.0,NE,8,1962
484,"Thompson, Michael",D,Rep,-2293968400000.0,CA,10,1951
485,"Toomey, Patrick Joseph",R,Rep,-181462900000.0,PA,3,1961
486,"Udall, Mark",D,Rep,-1262239400000.0,CO,5,1950
487,"Udall, Thomas (Tom)",D,Rep,-1261639900000.0,NM,5,1948
488,"Vitter, David",R,Rep,-1211282900000.0,LA,3,1961
489,"Walden, Greg",R,Rep,-2554904400000.0,OR,10,1957
490,"Weiner, Anthony D.",D,Rep,-1266811400000.0,NY,7,1964
491,"Wu, David",D,Rep,-1844773400000.0,OR,7,1955
492,"Acevedo-vilá, Aníbal",D,Rep,0.0,PR,2,1962
493,"Akin, W. Todd",R,Rep,-2484597400000.0,MO,6,1947
494,"Boozman, John",R,Rep,-1385460400000.0,AR,5,1950
495,"Brown, Henry Edward, Jr.",R,Rep,-1994199400000.0,SC,5,1935
496,"Cantor, Eric",R,Rep,-2488830400000.0,VA,7,1963
497,"Capito, Shelley Moore",R,Rep,-2514360400000.0,WV,7,1953
498,"Carson, Brad",D,Rep,-1106945400000.0,OK,2,1967
499,"Case, Ed",D,Rep,-1159621500000.0,HI,3,1952
500,"Clay, William Lacy, Jr.",D,Rep,-2268454600000.0,MO,9,1956
501,"Crenshaw, Ander",R,Rep,-2514245400000.0,FL,8,1944
502,"Culberson, John",R,Rep,-1364945400000.0,TX,9,1956
503,"Davis, Jo Ann",R,Rep,0.0,VA,4,1950
504,"Davis, Susan A.",D,Rep,-1248232400000.0,CA,9,1944
505,"Ferguson, Michael",R,Rep,-1456545400000.0,NJ,4,1970
506,"Flake, Jeff",R,Rep,-779829000000.0,AZ,6,1962
507,"Forbes, J. Randy",R,Rep,-2504635400000.0,VA,8,1952
508,"Graves, Samuel",R,Rep,-2514278400000.0,MO,9,1963
509,"Grucci, Jr., Felix J.",R,Rep,-1120956400000.0,NY,1,1951
510,"Hart, Melissa A.",R,Rep,-2420562400000.0,PA,3,1962
511,"Honda, Mike",D,Rep,-1248023400000.0,CA,8,1941
512,"Israel, Steve",D,Rep,-2305699400000.0,NY,8,1958
513,"Issa, Darrell",R,Rep,-2476498400000.0,CA,9,1953
514,"Johnson, Timothy V.",R,Rep,-2439330400000.0,IL,6,1946
515,"Keller, Richard (Ric)",R,Rep,-2488360400000.0,FL,4,1964
516,"Kennedy, Mark",R,Rep,-2420562400000.0,MN,3,1957
517,"Kerns, Brian D.",R,Rep,-1120856800000.0,IN,1,1957
518,"Kirk, Mark Steven",R,Rep,-2488331400000.0,IL,5,1959
519,"Langevin, James",D,Rep,-2280251400000.0,RI,9,1964
520,"Larsen, Richard Ray (Rick)",D,Rep,-2328978400000.0,WA,9,1965
521,"Lynch, Stephen F.",D,Rep,-1197006400000.0,MA,9,1955
522,"Matheson, James David (Jim)",D,Rep,-2306060400000.0,UT,7,1960
523,"Mccollum, Betty",D,Rep,0.0,MN,9,1954
524,"Miller, Jefferson B. (Jeff)",R,Rep,-1417603000000.0,FL,8,1959
525,"Osborne, Thomas",R,Rep,-2419668300000.0,NE,3,1937
526,"Otter, C. L. (Butch)",R,Rep,-1887321900000.0,ID,3,1942
527,"Pence, Mike",R,Rep,-2458573400000.0,IN,6,1959
528,"Platts, Todd",R,Rep,-2488360400000.0,PA,6,1962
529,"Putnam, Adam",R,Rep,-2480730400000.0,FL,5,1974
530,"Rehberg, Denny",R,Rep,-2487360900000.0,MT,6,1955
531,"Rogers, Mike",R,Rep,-2499051900000.0,MI,7,1963
532,"Ross, Michael Avery",D,Rep,-2279779400000.0,AR,6,1961
533,"Schiff, Adam",D,Rep,-2279851400000.0,CA,9,1960
534,"Schrock, Edward",R,Rep,-145090100000.0,VA,2,1941
535,"Shuster, William (Bill)",R,Rep,-2502375400000.0,PA,9,1961
536,"Simmons, Robert (Rob)",R,Rep,-1388381400000.0,CT,3,1943
537,"Solis, Hilda L.",D,Rep,-1731669900000.0,CA,5,1957
538,"Sullivan, John",R,Rep,-1365627400000.0,OK,6,1965
539,"Tiberi, Patrick (Pat)",R,Rep,-2488853400000.0,OH,9,1962
540,"Watson, Diane Edith",D,Rep,-2165953400000.0,CA,5,1933
541,"Wilson, Addison Graves (Joe)",R,Rep,-2488709400000.0,SC,9,1947
542,"Alexander, Rodney",R,Rep,-1338595500000.0,LA,6,1946
543,"Ballance, Frank W., Jr.",D,Rep,3535000000.0,NC,1,1942
544,"Barrett, James Gresham",R,Rep,-1363265000000.0,SC,4,1961
545,"Beauprez, Bob",R,Rep,-1284412500000.0,CO,2,1948
546,"Bell, Chris",D,Rep,-56093500000.0,TX,1,1959
547,"Bishop, Robert (Rob)",R,Rep,-1376986000000.0,UT,8,1951
548,"Bishop, Timothy H.",D,Rep,-1179207000000.0,NY,6,1950
549,"Blackburn, Marsha",R,Rep,-1365579000000.0,TN,8,1952
550,"Bonner, Jr., Josiah Robins (Jo)",R,Rep,-1393289000000.0,AL,6,1959
551,"Bordallo, Madeleine",D,Rep,0.0,GU,4,1933
552,"Bradley, Jeb",R,Rep,-1299606000000.0,NH,2,1952
553,"Brown-waite, Virginia (Ginny)",R,Rep,0.0,FL,4,1943
554,"Burgess, Michael C.",R,Rep,-1390002000000.0,TX,8,1950
555,"Burns, Max",R,Rep,-55949500000.0,GA,1,1948
556,"Butterfield, George Kenneth, Jr. (G.K.)",D,Rep,-1173516500000.0,NC,8,1947
557,"Cardoza, Dennis A.",D,Rep,-1226921500000.0,CA,5,1959
558,"Carter, John R.",R,Rep,-1389692000000.0,TX,8,1941
559,"Chandler, A. B. (Ben)",D,Rep,-1181598000000.0,KY,5,1959
560,"Chocola, Chris",R,Rep,-1299606000000.0,IN,2,1962
561,"Cole, Tom",R,Rep,-1393292000000.0,OK,8,1949
562,"Cooper, James Hayes Shofner",D,Rep,-1163747500000.0,TN,8,1954
563,"Davis, Artur",D,Rep,-1179138000000.0,AL,4,1967
564,"Davis, Lincoln",D,Rep,-1250354000000.0,TN,4,1943
565,"Diaz-balart, Mario",R,Rep,0.0,FL,8,1961
566,"Emanuel, Rahm",D,Rep,-1178292500000.0,IL,3,1959
567,"Feeney, Tom",R,Rep,-1342014000000.0,FL,3,1958
568,"Franks, Trent",R,Rep,-1186069000000.0,AZ,8,1957
569,"Garrett, Scott",R,Rep,-1387334000000.0,NJ,7,1959
570,"Gerlach, Jim",R,Rep,-1393123000000.0,PA,6,1955
571,"Gingrey, Phil",R,Rep,-1390620000000.0,GA,6,1942
572,"Grijalva, Raúl M.",D,Rep,-686156500000.0,AZ,8,1948
573,"Harris, Katherine",R,Rep,-1299606000000.0,FL,2,1957
574,"Hensarling, Jeb",R,Rep,-1364142000000.0,TX,8,1957
575,"Herseth sandlin, Stephanie",D,Rep,0.0,SD,4,1970
576,"Janklow, William J.",R,Rep,-45425000000.0,SD,1,1939
577,"King, Steve",R,Rep,-1388737000000.0,IA,8,1949
578,"Kline, John",R,Rep,-1393384000000.0,MN,7,1947
579,"Majette, Denise L.",D,Rep,-45609000000.0,GA,1,1955
580,"Marshall, Jim",D,Rep,-1366478500000.0,GA,4,1948
581,"Mccotter, Thaddeus George",R,Rep,0.0,MI,5,1965
582,"Meek, Kendrick B.",D,Rep,-1176758000000.0,FL,4,1966
583,"Michaud, Michael H.",D,Rep,-1178047500000.0,ME,6,1955
584,"Miller, Brad",D,Rep,-1179001000000.0,NC,5,1953
585,"Miller, Candice S.",R,Rep,-1393404000000.0,MI,7,1954
586,"Murphy, Timothy",R,Rep,-1325494000000.0,PA,8,1952
587,"Musgrave, Marilyn N",R,Rep,-1362888000000.0,CO,3,1949
588,"Neugebauer, Randy",R,Rep,-1342089000000.0,TX,7,1949
589,"Nunes, Devin",R,Rep,-1390207500000.0,CA,8,1973
590,"Pearce, Stevan",R,Rep,-1392407500000.0,NM,7,1947
591,"Porter, Jon C.",R,Rep,-1367469000000.0,NV,3,1955
592,"Renzi, Rick",R,Rep,-1367404000000.0,AZ,3,1958
593,"Rogers, Mike Dennis",R,Rep,-901905000000.0,AL,8,1958
594,"Ruppersberger, C. A. (Dutch)",D,Rep,-1073206000000.0,MD,8,1946
595,"Ryan, Timothy J.",D,Rep,-1178119500000.0,OH,8,1973
596,"Sánchez, Linda T.",D,Rep,0.0,CA,8,1969
597,"Scott, David",D,Rep,-1179423000000.0,GA,8,1945
598,"Turner, Michael R.",R,Rep,-1367292000000.0,OH,8,1960
599,"Van hollen, Christopher",D,Rep,0.0,MD,7,1959
600,"Barrow, John",D,Rep,-1337128500000.0,GA,5,1955
601,"Bean, Melissa L.",D,Rep,-1311425500000.0,IL,3,1962
602,"Boren, Daniel David",D,Rep,-1311510500000.0,OK,4,1973
603,"Boustany, Charles W.",R,Rep,-1337195500000.0,LA,6,1956
604,"Campbell, John (of California)",R,Rep,-228549000000.0,CA,5,1955
605,"Carnahan, Russ",D,Rep,-1169851500000.0,MO,4,1958
606,"Cleaver, Emanuel, II",D,Rep,-1172017500000.0,MO,7,1944
607,"Conaway, K. Michael",R,Rep,-1332683500000.0,TX,7,1948
608,"Costa, Jim",D,Rep,-1065932500000.0,CA,7,1952
609,"Cuellar, Henry",D,Rep,-1311313500000.0,TX,7,1955
610,"Davis, Geoffrey C. (Geoff)",R,Rep,-1308815500000.0,KY,4,1958
611,"Dent, Charles W.",R,Rep,-1337313500000.0,PA,7,1960
612,"Drake, Thelma D.",R,Rep,-1309110500000.0,VA,2,1949
613,"Fitzpatrick, Michael G.",R,Rep,-1269116500000.0,PA,4,1963
614,"Fortenberry, Jeff",R,Rep,-1337378500000.0,NE,7,1960
615,"Fortuño, Luis G.",R,Rep,0.0,PR,2,1960
616,"Foxx, Virginia Ann",R,Rep,-1332683500000.0,NC,7,1943
617,"Gohmert, Louie",R,Rep,-1311803500000.0,TX,7,1953
618,"Green, Al",D,Rep,0.0,TX,7,1947
619,"Higgins, Brian",D,Rep,-1148687500000.0,NY,7,1959
620,"Jindal, Bobby",R,Rep,-1266707500000.0,LA,2,1971
621,"Kuhl, John R. (Randy), Jr.",R,Rep,-1311395500000.0,NY,2,1943
622,"Lipinski, Daniel",D,Rep,-1172054500000.0,IL,7,1966
623,"Lungren, Daniel Edward",R,Rep,0.0,CA,4,1946
624,"Mack, Connie, IV",R,Rep,-1309060500000.0,FL,4,1967
625,"Marchant, Kenny",R,Rep,-1332545500000.0,TX,7,1951
626,"Matsui, Doris",D,Rep,-1169621500000.0,CA,7,1944
627,"Mccaul, Michael T.",R,Rep,0.0,TX,7,1962
628,"Mchenry, Patrick T.",R,Rep,0.0,NC,7,1975
629,"Mcmorris rodgers, Cathy",R,Rep,0.0,WA,7,1969
630,"Melancon, Charles J.",D,Rep,-1050851000000.0,LA,3,1947
631,"Moore, Gwendolynne S. (Gwen)",D,Rep,-680441500000.0,WI,7,1951
632,"Poe, Ted",R,Rep,-1295048500000.0,TX,7,1948
633,"Price, Tom",R,Rep,-1332680500000.0,GA,7,1954
634,"Reichert, David G.",R,Rep,-1337313500000.0,WA,7,1950
635,"Salazar, John",D,Rep,-1172044500000.0,CO,3,1953
636,"Schmidt, Jean",R,Rep,-326404500000.0,OH,4,1951
637,"Schwartz, Allyson Y.",D,Rep,-1171929500000.0,PA,5,1948
638,"Schwarz, John J. H. (Joe)",R,Rep,-1243231500000.0,MI,1,1937
639,"Sekula gibbs, Shelley",R,Rep,0.0,TX,1,1953
640,"Sires, Albio",D,Rep,-67801000000.0,NJ,7,1951
641,"Sodrel, Michael E.",R,Rep,-1243512500000.0,IN,1,1945
642,"Wasserman schultz, Debbie",D,Rep,0.0,FL,7,1966
643,"Westmoreland, Lynn A.",R,Rep,-1311792500000.0,GA,6,1950
644,"Altmire, Jason",D,Rep,-68198000000.0,PA,3,1968
645,"Arcuri, Michael",D,Rep,-68198000000.0,NY,2,1959
646,"Bachmann, Michele",R,Rep,-70480000000.0,MN,4,1956
647,"Bilirakis, Gus",R,Rep,-93716000000.0,FL,6,1963
648,"Boyda, Nancy",D,Rep,-68168000000.0,KS,1,1955
649,"Braley, Bruce",D,Rep,-68198000000.0,IA,4,1957
650,"Broun, Paul C., Jr.",R,Rep,400000000.0,GA,4,1946
651,"Buchanan, Vernon G.",R,Rep,-93801000000.0,FL,6,1951
652,"Carney, Chris",D,Rep,-68198000000.0,PA,2,1959
653,"Carson, André",D,Rep,-65810000000.0,IN,6,1974
654,"Castor, Kathy",D,Rep,-67801000000.0,FL,6,1966
655,"Cazayoux, Donald J. Jr.",D,Rep,-40300000000.0,LA,1,1964
656,"Childers, Travis W.",D,Rep,-40330000000.0,MS,2,1958
657,"Clarke, Yvette Diane",D,Rep,-67913000000.0,NY,6,1964
658,"Cohen, Stephen",D,Rep,-68198000000.0,TN,6,1949
659,"Courtney, Joe",D,Rep,-68201000000.0,CT,6,1953
660,"Davis, David",R,Rep,0.0,TN,1,1959
661,"Donnelly, Joe",D,Rep,-68198000000.0,IN,3,1955
662,"Edwards, Donna F.",D,Rep,-67913000000.0,MD,5,1958
663,"Ellison, Keith",D,Rep,-68198000000.0,MN,6,1963
664,"Ellsworth, Brad",D,Rep,-67913000000.0,IN,2,1958
665,"Fallin, Mary",R,Rep,-67798000000.0,OK,2,1954
666,"Foster, Bill",D,Rep,-40333000000.0,IL,5,1955
667,"Fudge, Marcia L.",D,Rep,-30000000.0,OH,6,1952
668,"Giffords, Gabrielle",D,Rep,-68198000000.0,AZ,3,1970
669,"Gillibrand, Kirsten",D,Rep,-67883000000.0,NY,2,1966
670,"Hall, John",D,Rep,-68198000000.0,NY,2,1948
671,"Hare, Phil",D,Rep,-68198000000.0,IL,2,1949
672,"Heller, Dean",R,Rep,-65598000000.0,NV,3,1960
673,"Hirono, Mazie",D,Rep,-68198000000.0,HI,3,1947
674,"Hodes, Paul",D,Rep,-68198000000.0,NH,2,1951
675,"Johnson, Hank",D,Rep,-68198000000.0,GA,6,1954
676,"Jordan, Jim",R,Rep,-65976000000.0,OH,6,1964
677,"Kagen, Steven",D,Rep,-68168000000.0,WI,2,1949
678,"Klein, Ron",D,Rep,-67913000000.0,FL,2,1957
679,"Lamborn, Doug",R,Rep,-65976000000.0,CO,6,1954
680,"Latta, Robert E.",R,Rep,-66123000000.0,OH,6,1956
681,"Loebsack, Dave",D,Rep,-68201000000.0,IA,6,1952
682,"Mahoney, Tim",D,Rep,-67883000000.0,FL,1,1956
683,"Mccarthy, Kevin",R,Rep,0.0,CA,6,1965
684,"Mcnerney, Jerry",D,Rep,0.0,CA,6,1951
685,"Mitchell, Harry E.",D,Rep,-67913000000.0,AZ,2,1940
686,"Murphy, Christopher",D,Rep,-68198000000.0,CT,3,1973
687,"Murphy, Patrick",D,Rep,0.0,PA,4,1973
688,"Perlmutter, Ed",D,Rep,-67843000000.0,CO,6,1953
689,"Richardson, Laura",D,Rep,-44918000000.0,CA,3,1962
690,"Roskam, Peter",R,Rep,-91486000000.0,IL,6,1961
691,"Sali, William",R,Rep,-63283000000.0,ID,1,1954
692,"Sarbanes, John",D,Rep,-68201000000.0,MD,6,1962
693,"Scalise, Steve",R,Rep,-66188000000.0,LA,6,1965
694,"Sestak, Joe",D,Rep,-67913000000.0,PA,2,1951
695,"Shea-porter, Carol",D,Rep,0.0,NH,4,1952
696,"Shuler, Heath",D,Rep,-68198000000.0,NC,3,1971
697,"Smith, Adrian",R,Rep,-91486000000.0,NE,6,1970
698,"Space, Zack",D,Rep,-68198000000.0,OH,2,1961
699,"Speier, Karen Lorraine Jacqueline (Jackie)",D,Rep,-40333000000.0,CA,6,1950
700,"Sutton, Betty",D,Rep,-68198000000.0,OH,3,1963
701,"Tsongas, Nicola S. (Niki)",D,Rep,-40153000000.0,MA,6,1946
702,"Walberg, Tim",R,Rep,-91486000000.0,MI,5,1951
703,"Walz, Tim",D,Rep,-68201000000.0,MN,6,1964
704,"Welch, Peter",D,Rep,-68086000000.0,VT,6,1947
705,"Wilson, Charlie",D,Rep,-65818000000.0,OH,2,1943
706,"Wittman, Robert J.",R,Rep,-66153000000.0,VA,6,1959
707,"Yarmuth, John",D,Rep,-68201000000.0,KY,6,1947
708,"Adler, John H.",D,Rep,-30000000.0,NJ,1,1959
709,"Austria, Steve",R,Rep,115000000.0,OH,2,1958
710,"Boccieri, John A.",D,Rep,-30000000.0,OH,1,1969
711,"Bright, Bobby Neal, Sr.",D,Rep,-30000000.0,AL,1,1952
712,"Cao, Anh (Joseph)",R,Rep,-30000000.0,LA,1,1967
713,"Cassidy, Bill",R,Rep,-25915000000.0,LA,3,1957
714,"Chaffetz, Jason",R,Rep,-25918000000.0,UT,5,1967
715,"Chu, Judy",D,Rep,-30000000.0,CA,5,1953
716,"Coffman, Mike",R,Rep,-25918000000.0,CO,5,1955
717,"Connolly, Gerald E. (Gerry)",D,Rep,82000000.0,VA,5,1950
718,"Critz, Mark S.",D,Rep,-30000000.0,PA,2,1962
719,"Dahlkemper, Kathleen A. (Kathy)",D,Rep,-30000000.0,PA,1,1957
720,"Deutch, Theodore E. (Ted)",D,Rep,-3000000.0,FL,5,1966
721,"Djou, Charles",R,Rep,-30000000.0,HI,1,1970
722,"Driehaus, Steve",D,Rep,-30000000.0,OH,1,1966
723,"Fleming, John",R,Rep,-25885000000.0,LA,4,1951
724,"Garamendi, John",D,Rep,-33000000.0,CA,5,1945
725,"Graves, Tom",R,Rep,-25888000000.0,GA,5,1970
726,"Grayson, Alan",D,Rep,-30000000.0,FL,3,1958
727,"Griffith, Parker",R,Rep,0.0,AL,1,1942
728,"Guthrie, Brett",R,Rep,-25888000000.0,KY,5,1964
729,"Halvorson, Deborah L.",D,Rep,-30000000.0,IL,1,1958
730,"Harper, Gregg",R,Rep,-25888000000.0,MS,5,1956
731,"Heinrich, Martin",D,Rep,-30000000.0,NM,2,1971
732,"Himes, James A.",D,Rep,82000000.0,CT,5,1966
733,"Hunter, Duncan Duane",R,Rep,-25888000000.0,CA,5,1976
734,"Jenkins, Lynn",R,Rep,-25888000000.0,KS,5,1963
735,"Kilroy, Mary Jo",D,Rep,-30000000.0,OH,1,1949
736,"Kirkpatrick, Ann",D,Rep,-30000000.0,AZ,3,1950
737,"Kissell, Larry",D,Rep,-30000000.0,NC,2,1951
738,"Kosmas, Suzanne M.",D,Rep,-30000000.0,FL,1,1944
739,"Kratovil, Frank M., Jr.",D,Rep,-30000000.0,MD,1,1968
740,"Lance, Leonard",R,Rep,-25888000000.0,NJ,5,1952
741,"Lee, Christopher John",R,Rep,0.0,NY,2,1964
742,"Luetkemeyer, Blaine",R,Rep,112000000.0,MO,5,1952
743,"Luján, Ben Ray",D,Rep,0.0,NM,5,1972
744,"Lummis, Cynthia M.",R,Rep,-25885000000.0,WY,4,1954
745,"Maffei, Daniel B.",D,Rep,-30000000.0,NY,2,1968
746,"Markey, Betsy",D,Rep,-30000000.0,CO,1,1956
747,"Massa, Eric J.J.",D,Rep,0.0,NY,1,1959
748,"Mcclintock, Tom",R,Rep,0.0,CA,5,1956
749,"Mcmahon, Michael E.",D,Rep,0.0,NY,1,1957
750,"Minnick, Walt",D,Rep,-30000000.0,ID,1,1942
751,"Murphy, Scott",D,Rep,-30000000.0,NY,1,1970
752,"Nye, Glenn C., III",D,Rep,-30000000.0,VA,1,1974
753,"Olson, Pete",R,Rep,-25888000000.0,TX,5,1962
754,"Owens, William",D,Rep,85000000.0,NY,3,1949
755,"Paulsen, Erik",R,Rep,-25918000000.0,MN,5,1965
756,"Perriello, Tom",D,Rep,-30000000.0,VA,1,1974
757,"Peters, Gary C.",D,Rep,-30000000.0,MI,3,1958
758,"Pierluisi, Pedro",R,Rep,0.0,PR,4,1959
759,"Pingree, Chellie",D,Rep,-33000000.0,ME,5,1955
760,"Polis, Jared",D,Rep,82000000.0,CO,5,1975
761,"Posey, Bill",R,Rep,-25888000000.0,FL,5,1947
762,"Quigley, Mike",D,Rep,82000000.0,IL,5,1958
763,"Reed, Thomas W. II",R,Rep,-25888000000.0,NY,5,1971
764,"Roe, David P. (Phil)",R,Rep,-25888000000.0,TN,5,1945
765,"Rooney, Thomas J.",R,Rep,-25885000000.0,FL,5,1970
766,"Sablan, Gregorio Kilili Camacho",D,Rep,0.0,MP,5,1955
767,"Schauer, Mark H.",D,Rep,-30000000.0,MI,1,1961
768,"Schock, Aaron",R,Rep,-25885000000.0,IL,4,1981
769,"Schrader, Kurt",D,Rep,82000000.0,OR,5,1951
770,"Stutzman, Marlin",R,Rep,-25885000000.0,IN,4,1976
771,"Teague, Harry",D,Rep,-30000000.0,NM,1,1949
772,"Thompson, Glenn",R,Rep,-25888000000.0,PA,5,1959
773,"Titus, Alice (Dina)",D,Rep,-33000000.0,NV,4,1950
774,"Tonko, Paul",D,Rep,-33000000.0,NY,5,1949
775,"Adams, Sandra (Sandy)",R,Rep,115000000.0,FL,1,1956
776,"Amash, Justin",R,Rep,112000000.0,MI,4,1980
777,"Amodei, Mark E.",R,Rep,-25888000000.0,NV,4,1958
778,"Barber, Ron",D,Rep,0.0,AZ,2,1945
779,"Barletta, Lou",R,Rep,-25888000000.0,PA,4,1956
780,"Bass, Karen",D,Rep,0.0,CA,4,1953
781,"Benishek, Dan",R,Rep,-25885000000.0,MI,3,1952
782,"Berg, Rick",R,Rep,115000000.0,ND,1,1959
783,"Black, Diane",R,Rep,-25888000000.0,TN,4,1951
784,"Bonamici, Suzanne",D,Rep,-3000000.0,OR,4,1954
785,"Brooks, Mo",R,Rep,-25888000000.0,AL,4,1954
786,"Bucshon, Larry",R,Rep,-25888000000.0,IN,4,1962
787,"Buerkle, Ann Marie",R,Rep,115000000.0,NY,1,1951
788,"Canseco, Francisco Raul (Quico)",R,Rep,115000000.0,TX,1,1949
789,"Carney, John C., Jr.",D,Rep,115000000.0,DE,3,1956
790,"Cicilline, David N.",D,Rep,-3000000.0,RI,4,1961
791,"Clarke, Hansen",D,Rep,0.0,MI,1,1957
792,"Cravaack, Chip",R,Rep,115000000.0,MN,1,1959
793,"Crawford, Rick",R,Rep,-25888000000.0,AR,4,1966
794,"Curson, David Alan",D,Rep,0.0,MI,1,1948
795,"Delbene, Suzan K.",D,Rep,0.0,WA,4,1962
796,"Denham, Jeff",R,Rep,-25888000000.0,CA,4,1967
797,"Desjarlais, Scott",R,Rep,0.0,TN,4,1964
798,"Dold, Robert",R,Rep,115000000.0,IL,2,1969
799,"Duffy, Sean",R,Rep,-25888000000.0,WI,4,1971
800,"Duncan, Jeff",R,Rep,-25888000000.0,SC,4,1966
801,"Ellmers, Renee",R,Rep,-25885000000.0,NC,3,1964
802,"Farenthold, Blake",R,Rep,-25888000000.0,TX,4,1961
803,"Fincher, Stephen Lee",R,Rep,-25885000000.0,TN,3,1973
804,"Fleischmann, Chuck",R,Rep,-25888000000.0,TN,4,1962
805,"Flores, Bill",R,Rep,-25888000000.0,TX,4,1954
806,"Gardner, Cory",R,Rep,115000000.0,CO,2,1974
807,"Gibbs, Bob",R,Rep,-25888000000.0,OH,4,1954
808,"Gibson, Christopher",R,Rep,115000000.0,NY,3,1964
809,"Gosar, Paul",R,Rep,-25888000000.0,AZ,4,1958
810,"Gowdy, Trey",R,Rep,-25888000000.0,SC,4,1964
811,"Griffin, Tim",R,Rep,-25885000000.0,AR,2,1968
812,"Griffith, H. Morgan",R,Rep,-25885000000.0,VA,4,1958
813,"Grimm, Michael G.",R,Rep,115000000.0,NY,2,1970
814,"Guinta, Frank",R,Rep,115000000.0,NH,2,1970
815,"Hahn, Janice",D,Rep,0.0,CA,3,1952
816,"Hanabusa, Colleen",D,Rep,0.0,HI,4,1951
817,"Hanna, Richard",R,Rep,115000000.0,NY,3,1951
818,"Harris, Andy",R,Rep,-25888000000.0,MD,4,1957
819,"Hartzler, Vicky",R,Rep,-25888000000.0,MO,4,1960
820,"Hayworth, Nan",R,Rep,115000000.0,NY,1,1959
821,"Heck, Joe",R,Rep,-25885000000.0,NV,3,1961
822,"Herrera beutler, Jaime",R,Rep,0.0,WA,4,1978
823,"Hochul, Kathleen C.",D,Rep,0.0,NY,1,1958
824,"Huelskamp, Tim",R,Rep,-25885000000.0,KS,3,1968
825,"Huizenga, Bill",R,Rep,-25888000000.0,MI,4,1969
826,"Hultgren, Randy",R,Rep,-25888000000.0,IL,4,1966
827,"Hurt, Robert",R,Rep,-25885000000.0,VA,3,1969
828,"Johnson, Bill",R,Rep,-25888000000.0,OH,4,1954
829,"Keating, William R.",D,Rep,-3000000.0,MA,4,1952
830,"Kelly, Mike",R,Rep,-25888000000.0,PA,4,1948
831,"Kinzinger, Adam",R,Rep,-25888000000.0,IL,4,1978
832,"Labrador, Raúl R.",R,Rep,-25888000000.0,ID,4,1967
833,"Landry, Jeff",R,Rep,115000000.0,LA,1,1970
834,"Lankford, James",R,Rep,-25885000000.0,OK,2,1968
835,"Long, Billy",R,Rep,-25888000000.0,MO,4,1955
836,"Marino, Thomas A.",R,Rep,-25888000000.0,PA,4,1952
837,"Massie, Thomas",R,Rep,-3000000.0,KY,4,1971
838,"Mckinley, David",R,Rep,0.0,WV,4,1947
839,"Meehan, Patrick",R,Rep,-25888000000.0,PA,4,1955
840,"Mulvaney, Mick",R,Rep,-25885000000.0,SC,4,1967
841,"Noem, Kristi",R,Rep,-25888000000.0,SD,4,1971
842,"Nugent, Richard",R,Rep,-25885000000.0,FL,3,1951
843,"Nunnelee, Alan",R,Rep,-25885000000.0,MS,3,1958
844,"Palazzo, Steven",R,Rep,-25888000000.0,MS,4,1970
845,"Payne, Donald, Jr.",D,Rep,0.0,NJ,4,1958
846,"Pompeo, Mike",R,Rep,-25885000000.0,KS,4,1963
847,"Quayle, Ben",R,Rep,115000000.0,AZ,1,1976
848,"Renacci, Jim",R,Rep,-25888000000.0,OH,4,1958
849,"Ribble, Reid",R,Rep,-25885000000.0,WI,3,1956
850,"Richmond, Cedric",D,Rep,115000000.0,LA,4,1973
851,"Rigell, E. Scott",R,Rep,-25885000000.0,VA,3,1960
852,"Rivera, David",R,Rep,115000000.0,FL,1,1965
853,"Roby, Martha",R,Rep,-25888000000.0,AL,4,1976
854,"Rokita, Todd",R,Rep,-25888000000.0,IN,4,1970
855,"Ross, Dennis",R,Rep,-25888000000.0,FL,4,1959
856,"Runyan, Jon",R,Rep,115000000.0,NJ,2,1973
857,"Schilling, Bobby",R,Rep,115000000.0,IL,1,1964
858,"Schweikert, David",R,Rep,-25888000000.0,AZ,4,1962
859,"Scott, Austin",R,Rep,0.0,GA,4,1969
860,"Scott, Tim",R,Rep,115000000.0,SC,1,1965
861,"Sewell, Terri",D,Rep,112000000.0,AL,4,1965
862,"Southerland, Steve",R,Rep,-25885000000.0,FL,2,1965
863,"Stivers, Steve",R,Rep,-25888000000.0,OH,4,1965
864,"Tipton, Scott",R,Rep,-25888000000.0,CO,4,1956
865,"Turner, Robert L.",R,Rep,115000000.0,NY,1,1941
866,"Walsh, Joe",R,Rep,115000000.0,IL,1,1961
867,"Webster, Daniel A.",R,Rep,-25888000000.0,FL,4,1949
868,"West, Allen",R,Rep,115000000.0,FL,1,1961
869,"Wilson, Frederica",D,Rep,0.0,FL,4,1942
870,"Womack, Steve",R,Rep,-25888000000.0,AR,4,1957
871,"Woodall, Rob",R,Rep,-25888000000.0,GA,4,1970
872,"Yoder, Kevin",R,Rep,-25888000000.0,KS,4,1976
873,"Young, Todd",R,Rep,-25885000000.0,IN,3,1972
874,"Adams, Alma",D,Rep,-3000000.0,NC,3,1946
875,"Barr, Garland H. (Andy) IV",R,Rep,-26003000000.0,KY,3,1973
876,"Beatty, Joyce",D,Rep,-3000000.0,OH,3,1950
877,"Bentivolio, Kerry",R,Rep,-26000000000.0,MI,1,1951
878,"Bera, Ami",D,Rep,-3000000.0,CA,3,1965
879,"Brat, David A.",R,Rep,-3000000.0,VA,3,1964
880,"Bridenstine, Jim",R,Rep,-3000000.0,OK,3,1975
881,"Brooks, Susan",R,Rep,-26003000000.0,IN,3,1960
882,"Brownley, Julia",D,Rep,-3000000.0,CA,3,1952
883,"Bustos, Cheri",D,Rep,-3000000.0,IL,3,1961
884,"Byrne, Bradley",R,Rep,-3000000.0,AL,3,1955
885,"Cárdenas, Tony",D,Rep,0.0,CA,3,1963
886,"Cartwright, Matt",D,Rep,-3000000.0,PA,3,1961
887,"Castro, Joaquin",D,Rep,-3000000.0,TX,3,1974
888,"Clark, Katherine M.",D,Rep,-3000000.0,MA,3,1963
889,"Clawson, Curt",R,Rep,0.0,FL,2,1959
890,"Collins, Chris",R,Rep,-26003000000.0,NY,3,1950
891,"Collins, Doug",R,Rep,-26003000000.0,GA,3,1966
892,"Cook, Paul",R,Rep,-3000000.0,CA,3,1943
893,"Cotton, Tom",R,Rep,-26000000000.0,AR,1,1977
894,"Cramer, Kevin",R,Rep,-26003000000.0,ND,3,1961
895,"Daines, Steve",R,Rep,-26000000000.0,MT,1,1962
896,"Davis, Rodney",R,Rep,0.0,IL,3,1970
897,"Delaney, John",D,Rep,-3000000.0,MD,3,1963
898,"Desantis, Ron",R,Rep,0.0,FL,3,1978
899,"Duckworth, Tammy",D,Rep,0.0,IL,2,1968
900,"Enyart, Bill",D,Rep,0.0,IL,1,1949
901,"Esty, Elizabeth",D,Rep,-3000000.0,CT,3,1959
902,"Frankel, Lois",D,Rep,-3000000.0,FL,3,1948
903,"Gabbard, Tulsi",D,Rep,-3000000.0,HI,3,1981
904,"Gallego, Pete P.",D,Rep,0.0,TX,1,1961
905,"Garcia, Joe",D,Rep,0.0,FL,1,1963
906,"Heck, Denny",D,Rep,-3000000.0,WA,3,1952
907,"Holding, George E.B.",R,Rep,-26003000000.0,NC,3,1968
908,"Horsford, Steven",D,Rep,0.0,NV,1,1973
909,"Hudson, Richard",R,Rep,-26003000000.0,NC,3,1971
910,"Huffman, Jared",D,Rep,-3000000.0,CA,3,1964
911,"Jeffries, Hakeem",D,Rep,0.0,NY,3,1970
912,"Jolly, David W.",R,Rep,0.0,FL,2,1972
913,"Joyce, David",R,Rep,-3000000.0,OH,3,1957
914,"Kelly, Robin L.",D,Rep,0.0,IL,3,1956
915,"Kennedy, Joseph P. III",D,Rep,-3000000.0,MA,3,1980
916,"Kildee, Dan",D,Rep,-3000000.0,MI,3,1958
917,"Kilmer, Derek",D,Rep,-3000000.0,WA,3,1974
918,"Kuster, Ann McLane",D,Rep,-3000000.0,NH,3,1956
919,"Lamalfa, Doug",R,Rep,0.0,CA,3,1960
920,"Lowenthal, Alan",D,Rep,-3000000.0,CA,3,1941
921,"Lujan grisham, Michelle",D,Rep,0.0,NM,3,1959
922,"Maloney, Sean Patrick",D,Rep,0.0,NY,3,1966
923,"Mcallister, Vance M.",R,Rep,0.0,LA,1,1974
924,"Meadows, Mark",R,Rep,-26003000000.0,NC,3,1959
925,"Meng, Grace",D,Rep,-3000000.0,NY,3,1975
926,"Messer, Luke",R,Rep,-26003000000.0,IN,3,1969
927,"Mullin, Markwayne",R,Rep,-26003000000.0,OK,3,1977
928,"Negrete mcleod, Gloria",D,Rep,0.0,CA,1,1941
929,"Nolan, Richard Michael",D,Rep,-3000000.0,MN,3,1943
930,"Norcross, Donald",D,Rep,0.0,NJ,3,1958
931,"O'rourke, Beto",D,Rep,0.0,TX,3,1972
932,"Perry, Scott",R,Rep,-26003000000.0,PA,3,1962
933,"Peters, Scott",D,Rep,-3000000.0,CA,3,1958
934,"Pittenger, Robert",R,Rep,-26003000000.0,NC,3,1948
935,"Pocan, Mark",D,Rep,0.0,WI,3,1964
936,"Radel, Trey",R,Rep,-26000000000.0,FL,1,1976
937,"Rice, Tom",R,Rep,-26003000000.0,SC,3,1957
938,"Rothfus, Keith",R,Rep,-26003000000.0,PA,3,1962
939,"Ruiz, Raul",D,Rep,-3000000.0,CA,3,1972
940,"Schneider, Brad",D,Rep,-3000000.0,IL,2,1961
941,"Sinema, Kyrsten",D,Rep,-3000000.0,AZ,3,1976
942,"Smith, Jason",R,Rep,-3000000.0,MO,3,1980
943,"Stewart, Chris",R,Rep,-26003000000.0,UT,3,1960
944,"Stockman, Steve",R,Rep,-26000000000.0,TX,1,1956
945,"Swalwell, Eric",D,Rep,-3000000.0,CA,3,1980
946,"Takano, Mark",D,Rep,-3000000.0,CA,3,1960
947,"Valadao, David G.",R,Rep,-26003000000.0,CA,3,1977
948,"Vargas, Juan",D,Rep,0.0,CA,3,1961
949,"Veasey, Marc",D,Rep,-3000000.0,TX,3,1971
950,"Vela, Filemon",D,Rep,-3000000.0,TX,3,1963
951,"Wagner, Ann",R,Rep,-26003000000.0,MO,3,1962
952,"Walorski, Jackie",R,Rep,-26003000000.0,IN,3,1963
953,"Weber, Randy",R,Rep,-26000000000.0,TX,3,1953
954,"Wenstrup, Brad",R,Rep,-26003000000.0,OH,3,1958
955,"Williams, Roger",R,Rep,-26003000000.0,TX,3,1949
956,"Yoho, Ted",R,Rep,-26003000000.0,FL,3,1955
957,"Abraham, Ralph",R,Rep,-3000000.0,LA,2,1954
958,"Aguilar, Peter Rey",D,Rep,-3000000.0,CA,2,1979
959,"Allen, Rick W.",R,Rep,-3000000.0,GA,2,1951
960,"Ashford, John Bradley",D,Rep,0.0,NE,1,1949
961,"Babin, Brian",R,Rep,-3000000.0,TX,2,1948
962,"Beyer, Donald Sternoff Jr.",D,Rep,0.0,VA,2,1950
963,"Bishop, Michael Dean",R,Rep,-3000000.0,MI,2,1967
964,"Blum, Rod",R,Rep,-3000000.0,IA,2,1955
965,"Bost, Mike",R,Rep,-3000000.0,IL,2,1960
966,"Boyle, Brendan Francis",D,Rep,0.0,PA,2,1977
967,"Buck, Kenneth Robert",R,Rep,-3000000.0,CO,2,1959
968,"Carter, Buddy",R,Rep,-3000000.0,GA,2,1957
969,"Comer, James",R,Rep,-3000000.0,KY,2,1972
970,"Comstock, Barbara J.",R,Rep,-3000000.0,VA,2,1959
971,"Costello, Ryan",R,Rep,-3000000.0,PA,2,1976
972,"Curbelo, Carlos",R,Rep,-3000000.0,FL,2,1980
973,"Davidson, Warren",R,Rep,-3000000.0,OH,2,1970
974,"Desaulnier, Mark James",D,Rep,0.0,CA,2,1952
975,"Dingell, Debbie",D,Rep,-3000000.0,MI,2,1953
976,"Donovan, Daniel M., Jr.",R,Rep,-3000000.0,NY,2,1956
977,"Emmer, Thomas Earl II",R,Rep,-3000000.0,MN,2,1961
978,"Evans, Dwight",D,Rep,0.0,PA,2,1954
979,"Gallego, Ruben",D,Rep,-3000000.0,AZ,2,1979
980,"Graham, Gwendolyn (Gwen)",D,Rep,0.0,FL,1,1963
981,"Graves, Garret",R,Rep,-3000000.0,LA,2,1972
982,"Grothman, Glenn",R,Rep,-3000000.0,WI,2,1955
983,"Hardy, Cresent Leo",R,Rep,0.0,NV,1,1957
984,"Hice, Jody Brownlow",R,Rep,0.0,GA,2,1960
985,"Hill, French",R,Rep,-3000000.0,AR,2,1956
986,"Hurd, William Ballard",R,Rep,-3000000.0,TX,2,1977
987,"Jenkins, Evan H.",R,Rep,-3000000.0,WV,2,1960
988,"Katko, John",R,Rep,-3000000.0,NY,2,1962
989,"Kelly, Trent",R,Rep,-3000000.0,MS,2,1966
990,"Knight, Steve",R,Rep,-3000000.0,CA,2,1966
991,"Lahood, Darin",R,Rep,0.0,IL,2,1968
992,"Lawrence, Brenda L.",D,Rep,-3000000.0,MI,2,1954
993,"Lieu, Ted",D,Rep,0.0,CA,2,1969
994,"Loudermilk, Barry D.",R,Rep,-3000000.0,GA,2,1963
995,"Love, Ludmya Bourdeau (Mia)",R,Rep,-3000000.0,UT,2,1975
996,"Macarthur, Thomas Charles",R,Rep,0.0,NJ,2,1960
997,"Mcsally, Martha",R,Rep,0.0,AZ,2,1966
998,"Moolenaar, John",R,Rep,-3000000.0,MI,2,1961
999,"Mooney, Alex X.",R,Rep,-3000000.0,WV,2,1971
1000,"Moulton, Seth",D,Rep,-3000000.0,MA,2,1978
1001,"Newhouse, Daniel Milton",R,Rep,-3000000.0,WA,2,1955
1002,"Palmer, Gary James",R,Rep,-3000000.0,AL,2,1954
1003,"Plaskett, Stacey E.",D,Rep,0.0,VI,2,1966
1004,"Poliquin, Bruce Lee",R,Rep,-3000000.0,ME,2,1953
1005,"Radewagen, Aumua Amata Coleman",R,Rep,0.0,AS,2,1947
1006,"Ratcliffe, John",R,Rep,-3000000.0,TX,2,1965
1007,"Rice, Kathleen Maura",D,Rep,0.0,NY,2,1965
1008,"Rouzer, David",R,Rep,-3000000.0,NC,2,1972
1009,"Russell, Steve",R,Rep,-3000000.0,OK,2,1963
1010,"Stefanik, Elise M.",R,Rep,-3000000.0,NY,2,1984
1011,"Takai, Mark",D,Rep,0.0,HI,1,1967
1012,"Torres, Norma Judith",D,Rep,-3000000.0,CA,2,1965
1013,"Trott, David A.",R,Rep,-3000000.0,MI,2,1960
1014,"Walker, Bradley Mark",R,Rep,-3000000.0,NC,2,1969
1015,"Walters, Mimi",R,Rep,0.0,CA,2,1962
1016,"Watson coleman, Bonnie",D,Rep,0.0,NJ,2,1945
1017,"Westerman, Bruce Eugene",R,Rep,-3000000.0,AR,2,1967
1018,"Young, David",R,Rep,-3000000.0,IA,2,1968
1019,"Zeldin, Lee M",R,Rep,-3000000.0,NY,2,1980
1020,"Zinke, Ryan",R,Rep,0.0,MT,2,1961
1021,"Arrington, Jodey Cook",R,Rep,-3000000.0,TX,1,1972
1022,"Bacon, Donald J.",R,Rep,-3000000.0,NE,1,1963
1023,"Balderson, Troy",R,Rep,0.0,OH,1,1962
1024,"Banks, James E.",R,Rep,-3000000.0,IN,1,1979
1025,"Barragán, Nanette Diaz",D,Rep,0.0,CA,1,1976
1026,"Bergman, John",R,Rep,-3000000.0,MI,1,1947
1027,"Biggs, Andrew S.",R,Rep,-3000000.0,AZ,1,1958
1028,"Blunt rochester, Lisa",D,Rep,0.0,DE,1,1962
1029,"Brown, Anthony Gregory",D,Rep,0.0,MD,1,1961
1030,"Budd, Theodore Paul",R,Rep,-3000000.0,NC,1,1971
1031,"Carbajal, Salud",D,Rep,-3000000.0,CA,1,1964
1032,"Cheney, Liz",R,Rep,-3000000.0,WY,1,1966
1033,"Cloud, Michael",R,Rep,0.0,TX,1,1975
1034,"Correa, Jose Luis",D,Rep,-3000000.0,CA,1,1958
1035,"Crist, Charlie Joseph Jr.",D,Rep,-3000000.0,FL,1,1956
1036,"Curtis, John R.",R,Rep,0.0,UT,1,1960
1037,"Demings, Valdez Butler",D,Rep,-3000000.0,FL,1,1957
1038,"Dunn, Neal Patrick",R,Rep,-3000000.0,FL,1,1953
1039,"Espaillat, Adriano J.",D,Rep,0.0,NY,1,1954
1040,"Estes, Ron",R,Rep,-3000000.0,KS,1,1956
1041,"Faso, John J.",R,Rep,-3000000.0,NY,1,1952
1042,"Ferguson, Anderson Drew IV",R,Rep,-3000000.0,GA,1,1967
1043,"Fitzpatrick, Brian K.",R,Rep,-3000000.0,PA,1,1973
1044,"Gaetz, Matthew L. II",R,Rep,-3000000.0,FL,1,1982
1045,"Gallagher, Michael",R,Rep,-3000000.0,WI,1,1984
1046,"Garrett, Thomas Alexander Jr.",R,Rep,-3000000.0,VA,1,1972
1047,"Gianforte, Greg",R,Rep,0.0,MT,1,1961
1048,"Gomez, Jimmy",D,Rep,0.0,CA,1,1974
1049,"Gonzalez, Vicente Jr.",D,Rep,-3000000.0,TX,1,1967
1050,"González-cólon, Jenniffer",D,Rep,0.0,PR,1,1976
1051,"Gottheimer, Josh S.",D,Rep,-3000000.0,NJ,1,1975
1052,"Handel, Karen",R,Rep,0.0,GA,1,1962
1053,"Hern, Kevin",R,Rep,0.0,OK,1,1961
1054,"Higgins, Clay",R,Rep,-3000000.0,LA,1,1961
1055,"Hollingsworth, Joseph Albert III",R,Rep,-3000000.0,IN,1,1983
1056,"Jayapal, Pramila",D,Rep,0.0,WA,1,1965
1057,"Johnson, Mike",R,Rep,-3000000.0,LA,1,1972
1058,"Jones, Brenda",D,Rep,0.0,MI,1,1959
1059,"Khanna, Ro",D,Rep,-3000000.0,CA,1,1976
1060,"Kihuen, Ruben J.",D,Rep,-3000000.0,NV,1,1980
1061,"Krishnamoorthi, S. Raja",D,Rep,-3000000.0,IL,1,1973
1062,"Kustoff, David",R,Rep,-3000000.0,TN,1,1966
1063,"Lamb, Conor",D,Rep,0.0,PA,1,1984
1064,"Lawson, Alfred Jr.",D,Rep,-3000000.0,FL,1,1948
1065,"Lesko, Debbie",R,Rep,0.0,AZ,1,1958
1066,"Lewis, Jason Mark",R,Rep,-3000000.0,MN,1,1955
1067,"Marshall, Roger Wayne",R,Rep,-3000000.0,KS,1,1960
1068,"Mast, Brian Jeffery",R,Rep,-3000000.0,FL,1,1980
1069,"Mceachin, Aston Donald",D,Rep,0.0,VA,1,1961
1070,"Mitchell, Paul",R,Rep,-3000000.0,MI,1,1961
1071,"Morelle, Joseph",D,Rep,0.0,NY,1,1957
1072,"Murphy, Stephanie",D,Rep,-3000000.0,FL,1,1978
1073,"Norman, Ralph",R,Rep,0.0,SC,1,1953
1074,"O'halleran, Thomas C.",D,Rep,0.0,AZ,1,1946
1075,"Panetta, James Varni",D,Rep,-3000000.0,CA,1,1969
1076,"Raskin, Jamie Ben",D,Rep,0.0,MD,1,1962
1077,"Rooney, Francis",R,Rep,0.0,FL,1,1953
1078,"Rosen, Jacklyn Sheryl",D,Rep,-3000000.0,NV,1,1957
1079,"Rutherford, John Henry",R,Rep,-3000000.0,FL,1,1952
1080,"Scanlon, Mary Gay",D,Rep,0.0,PA,1,1959
1081,"Smucker, Lloyd K.",R,Rep,-3000000.0,PA,1,1964
1082,"Soto, Darren Michael",D,Rep,-3000000.0,FL,1,1978
1083,"Suozzi, Thomas",D,Rep,0.0,NY,1,1962
1084,"Taylor, Scott William",R,Rep,-3000000.0,VA,1,1979
1085,"Tenney, Claudia",R,Rep,-3000000.0,NY,1,1961
1086,"Wild, Susan",D,Rep,0.0,PA,1,1957
1087,"Abraham, Spencer",R,Sen,-131321000000.0,MI,2,1952
1088,"Akaka, Daniel Kahikina",D,Sen,-4191220000000.0,HI,8,1924
1089,"Allard, A. Wayne",R,Sen,-2509437500000.0,CO,6,1943
1090,"Ashcroft, John David",R,Sen,-131321000000.0,MO,2,1942
1091,"Baucus, Max Sieben",D,Sen,-4465205000000.0,MT,9,1941
1092,"Bennett, Robert",R,Sen,-3335061500000.0,UT,7,1933
1093,"Biden, Joseph Robinette, Jr. (Joe)",D,Sen,-3451739000000.0,DE,7,1942
1094,"Bingaman, Jesse Francis, Jr. (Jeff)",D,Sen,-4220452500000.0,NM,8,1943
1095,"Bond, Christopher Samuel (Kit)",R,Sen,-3347215500000.0,MO,7,1939
1096,"Boxer, Barbara",D,Sen,-4299503500000.0,CA,10,1940
1097,"Breaux, John Berlinger",D,Sen,-1340670500000.0,LA,4,1944
1098,"Brownback, Sam Dale",R,Sen,-2838250500000.0,KS,7,1956
1099,"Bryan, Richard H",D,Sen,-131493000000.0,NV,2,1937
1100,"Bumpers, Dale",D,Sen,-5855000000.0,AR,1,1925
1101,"Burns, Conrad",R,Sen,-937872500000.0,MT,5,1935
1102,"Byrd, Robert Carlyle",D,Sen,-2847743000000.0,WV,7,1917
1103,"Campbell, Ben Nighthorse",R,Sen,-296498500000.0,CO,4,1933
1104,"Chafee, John Hubbard",R,Sen,-5855000000.0,RI,2,1922
1105,"Cleland, Joseph Maxwell (Max)",D,Sen,-1279145500000.0,GA,3,1942
1106,"Coats, Daniel Ray",R,Sen,-156773000000.0,IN,4,1943
1107,"Cochran, William Thad",R,Sen,-3447975500000.0,MS,11,1937
1108,"Collins, Susan Margaret",R,Sen,-4580969500000.0,ME,11,1952
1109,"Conrad, Kent",D,Sen,-4202519000000.0,ND,8,1948
1110,"Coverdell, Paul",R,Sen,-115526000000.0,GA,2,1939
1111,"Craig, Larry Edwin",R,Sen,-3112936500000.0,ID,6,1945
1112,"D'amato, Alfonse Marcello",R,Sen,0.0,NY,1,1937
1113,"Daschle, Thomas Andrew",D,Sen,-1247931000000.0,SD,4,1947
1114,"Dewine, Michael",R,Sen,0.0,OH,5,1947
1115,"Dodd, Christopher John",D,Sen,-4189982000000.0,CT,7,1944
1116,"Domenici, Pete Vichi",R,Sen,-3141144000000.0,NM,6,1932
1117,"Dorgan, Byron Leslie",D,Sen,-4180122000000.0,ND,7,1942
1118,"Durbin, Richard Joseph",D,Sen,-4336037000000.0,IL,11,1944
1119,"Enzi, Michael B.",R,Sen,-2447195500000.0,WY,11,1944
1120,"Faircloth, Duncan McLauchlin (Lauch)",R,Sen,-5855000000.0,NC,1,1928
1121,"Faleomavaega, Eni F. H.",D,Sen,0.0,AS,1,1943
1122,"Feingold, Russell Dana",D,Sen,-2362555500000.0,WI,7,1953
1123,"Feinstein, Dianne",D,Sen,-4573873500000.0,CA,11,1933
1124,"Ford, Wendell Hampton",D,Sen,-5855000000.0,KY,1,1924
1125,"Frist, William H.",R,Sen,-942893500000.0,TN,5,1952
1126,"Glenn, John Herschel, Jr.",D,Sen,-4313000000.0,OH,1,1921
1127,"Gorton, Thomas Slade, III (Slade)",R,Sen,-114849000000.0,WA,2,1928
1128,"Graham, Daniel Robert (Bob)",D,Sen,-1248694500000.0,FL,4,1936
1129,"Gramm, William Philip (Phil)",R,Sen,-242015500000.0,TX,3,1942
1130,"Grams, Rod",R,Sen,-114921000000.0,MN,2,1948
1131,"Grassley, Charles Ernest",R,Sen,-4525376500000.0,IA,11,1933
1132,"Gregg, Judd Alan",R,Sen,-1742496500000.0,NH,7,1947
1133,"Hagel, Charles Timothy (Chuck)",R,Sen,-2253194500000.0,NE,6,1946
1134,"Harkin, Thomas Richard (Tom)",D,Sen,-4256395000000.0,IA,9,1939
1135,"Hatch, Orrin Grant",R,Sen,-3484971500000.0,UT,11,1934
1136,"Helms, Jesse",R,Sen,-204660500000.0,NC,3,1921
1137,"Hollings, Ernest Frederick (Fritz)",D,Sen,-1225623000000.0,SC,4,1922
1138,"Hutchinson, Timothy",R,Sen,-251615500000.0,AR,3,1949
1139,"Hutchison, Kathryn Ann Bailey (Kay)",R,Sen,-2924118500000.0,TX,8,1943
1140,"Inhofe, James Mountain",R,Sen,-2426012500000.0,OK,11,1934
1141,"Inouye, Daniel Ken",D,Sen,-4181250000000.0,HI,8,1924
1142,"Jeffords, James Merrill",R,Sen,-223249000000.0,VT,5,1934
1143,"Johnson, Timothy Peter (Tim)",D,Sen,-4446300000000.0,SD,9,1946
1144,"Kempthorne, Dirk",R,Sen,-5855000000.0,ID,1,1951
1145,"Kennedy, Edward Moore (Ted)",D,Sen,-3459900000000.0,MA,7,1932
1146,"Kerrey, J. Robert",D,Sen,-131493000000.0,NE,2,1943
1147,"Kerry, John Forbes",D,Sen,-4158870500000.0,MA,9,1943
1148,"Kohl, Herbert H.",D,Sen,-3815160000000.0,WI,8,1935
1149,"Kyl, Jon Llewellyn",R,Sen,-1789002500000.0,AZ,9,1942
1150,"Landrieu, Mary L.",D,Sen,-4488124000000.0,LA,9,1955
1151,"Lautenberg, Frank Raleigh",D,Sen,-3154257000000.0,NJ,8,1924
1152,"Leahy, Patrick Joseph",D,Sen,-4290599500000.0,VT,11,1940
1153,"Levin, Carl",D,Sen,-4240638500000.0,MI,9,1934
1154,"Lieberman, Joseph I.",D,Sen,-1738844000000.0,CT,8,1942
1155,"Lott, Chester Trent",R,Sen,-936611500000.0,MS,6,1941
1156,"Lugar, Richard Green",R,Sen,-3420187500000.0,IN,8,1932
1157,"Mack, Connie, III",R,Sen,-132366000000.0,FL,2,1940
1158,"Mccain, John Sidney, III",R,Sen,0.0,AZ,11,1936
1159,"Mcconnell, Addison Mitchell (Mitch)",R,Sen,0.0,KY,11,1942
1160,"Mikulski, Barbara Ann",D,Sen,-4332938500000.0,MD,10,1936
1161,"Moseley braun, Carol",D,Sen,0.0,IL,1,1947
1162,"Moynihan, Daniel Patrick",D,Sen,-126667000000.0,NY,2,1927
1163,"Murkowski, Frank Hughes",R,Sen,-247110500000.0,AK,3,1933
1164,"Murray, Patty",D,Sen,-4359958500000.0,WA,11,1950
1165,"Nickles, Donald Lee",R,Sen,-303570500000.0,OK,4,1948
1166,"Reed, John F. (Jack)",D,Sen,-4339207000000.0,RI,11,1949
1167,"Reid, Harry",D,Sen,-4336148000000.0,NV,10,1939
1168,"Robb, Charles Spittal",D,Sen,-131493000000.0,VA,2,1939
1169,"Roberts, Charles Patrick (Pat)",R,Sen,-3492052500000.0,KS,11,1936
1170,"Rockefeller, John Davison IV (Jay)",D,Sen,-4373269500000.0,WV,9,1937
1171,"Roth, William Victor, Jr.",R,Sen,-131321000000.0,DE,2,1921
1172,"Santorum, Richard John (Rick)",R,Sen,-938351500000.0,PA,5,1958
1173,"Sarbanes, Paul Spyros",D,Sen,-1716176500000.0,MD,5,1933
1174,"Sessions, Jefferson Beauregard, III (Jeff)",R,Sen,-4324417500000.0,AL,11,1946
1175,"Shelby, Richard C.",R,Sen,-4241616000000.0,AL,11,1934
1176,"Smith, Gordon Harold",R,Sen,-3281373500000.0,OR,6,1952
1177,"Smith, Robert C.",R,Sen,-237473500000.0,NH,3,1941
1178,"Snowe, Olympia Jean",R,Sen,-4430001000000.0,ME,8,1947
1179,"Specter, Arlen",R,Sen,-4362759500000.0,PA,7,1930
1180,"Stevens, Theodore Fulton (Ted)",R,Sen,-3281281500000.0,AK,6,1923
1181,"Thomas, Craig Lyle",R,Sen,-815800500000.0,WY,6,1933
1182,"Thompson, Fred Dalton",R,Sen,-251615500000.0,TN,3,1942
1183,"Thurmond, James Strom",R,Sen,-232113500000.0,SC,3,1902
1184,"Torricelli, Robert Guy",D,Sen,-1271387500000.0,NJ,3,1951
1185,"Warner, John William",R,Sen,-2760340500000.0,VA,6,1927
1186,"Wellstone, Paul David",D,Sen,-1109794500000.0,MN,3,1944
1187,"Wyden, Ronald Lee",D,Sen,-4358513500000.0,OR,11,1949
1188,"Bayh, Evan",D,Sen,-4197390000000.0,IN,6,1955
1189,"Bunning, James Paul David",R,Sen,-2447452500000.0,KY,6,1931
1190,"Chafee, Lincoln Davenport",R,Sen,-675816500000.0,RI,4,1953
1191,"Crapo, Michael Dean",R,Sen,-2354297500000.0,ID,10,1951
1192,"Edwards, John",D,Sen,-1238756500000.0,NC,3,1953
1193,"Fitzgerald, Peter G.",R,Sen,-1338520500000.0,IL,3,1960
1194,"Lincoln, Blanche Lambert",D,Sen,-3402871500000.0,AR,6,1960
1195,"Miller, Zell Bryan",D,Sen,-1224089500000.0,GA,3,1932
1196,"Schumer, Charles Ellis (Chuck)",D,Sen,-4473325500000.0,NY,10,1950
1197,"Voinovich, George Victor",R,Sen,-3197842000000.0,OH,6,1936
1198,"Allen, George",R,Sen,-1843472500000.0,VA,3,1952
1199,"Barkley, Dean",D,Sen,0.0,MN,1,1950
1200,"Cantwell, Maria E.",D,Sen,-4366537000000.0,WA,9,1958
1201,"Carnahan, Jean",D,Sen,-1139894500000.0,MO,1,1933
1202,"Carper, Thomas Richard",D,Sen,-4365900000000.0,DE,9,1947
1203,"Clinton, Hillary Rodham",D,Sen,-2334618000000.0,NY,5,1947
1204,"Cornyn, John",R,Sen,-2764297000000.0,TX,9,1952
1205,"Corzine, Jon Stevens",D,Sen,-580909500000.0,NJ,3,1947
1206,"Dayton, Mark",D,Sen,-1744246000000.0,MN,3,1947
1207,"Ensign, John Eric",R,Sen,-3026918500000.0,NV,6,1958
1208,"Murkowski, Lisa",R,Sen,-3256927500000.0,AK,9,1957
1209,"Nelson, Clarence William (Bill)",D,Sen,-4275341500000.0,FL,9,1942
1210,"Nelson, Earl Benjamin (Ben)",D,Sen,-4153242000000.0,NE,6,1941
1211,"Stabenow, Deborah Ann",D,Sen,-4304905500000.0,MI,9,1950
1212,"Talent, James Matthes",R,Sen,-691278000000.0,MO,3,1956
1213,"Alexander, Lamar",R,Sen,-3307131000000.0,TN,8,1940
1214,"Chambliss, Saxby",R,Sen,-3147218000000.0,GA,6,1943
1215,"Coleman, Norm",R,Sen,-2980549000000.0,MN,3,1949
1216,"Dole, Elizabeth Hanford",R,Sen,-2138569000000.0,NC,3,1936
1217,"Graham, Lindsey O.",R,Sen,-2042221000000.0,SC,8,1955
1218,"Pryor, Mark",D,Sen,-3210178000000.0,AR,6,1963
1219,"Sununu, John E.",R,Sen,-2515924000000.0,NH,3,1964
1220,"Burr, Richard M.",R,Sen,-3059805000000.0,NC,7,1955
1221,"Coburn, Thomas Allen",R,Sen,-1246802000000.0,OK,5,1948
1222,"Demint, James W.",R,Sen,0.0,SC,4,1951
1223,"Isakson, Johnny",R,Sen,-3184934000000.0,GA,7,1944
1224,"Martinez, Melquiades R. (Mel)",R,Sen,-3064707000000.0,FL,3,1946
1225,"Obama, Barack",D,Sen,-490128000000.0,IL,2,1961
1226,"Salazar, Kenneth Lee",D,Sen,-2967626000000.0,CO,3,1955
1227,"Thune, John",R,Sen,-2479081000000.0,SD,7,1961
1228,"Vitter, David",R,Sen,-2485149000000.0,LA,6,1961
1229,"Barrasso, John A.",R,Sen,-1480247000000.0,WY,6,1952
1230,"Brown, Sherrod",D,Sen,-2620120000000.0,OH,6,1952
1231,"Cardin, Benjamin Louis",D,Sen,-2619720000000.0,MD,6,1943
1232,"Casey, Robert P. (Bob), Jr.",D,Sen,-2616420000000.0,PA,6,1960
1233,"Corker, Robert (Bob)",R,Sen,-1568606000000.0,TN,6,1952
1234,"Klobuchar, Amy",D,Sen,-2616305000000.0,MN,6,1960
1235,"Mccaskill, Claire",D,Sen,0.0,MO,6,1953
1236,"Menendez, Robert",D,Sen,-1933304000000.0,NJ,6,1954
1237,"Sanders, Bernard",I,Sen,-1328637000000.0,VT,6,1941
1238,"Tester, Jon",D,Sen,-2616420000000.0,MT,6,1956
1239,"Webb, James H. (Jim)",D,Sen,-2477140000000.0,VA,3,1946
1240,"Whitehouse, Sheldon",D,Sen,-2620120000000.0,RI,6,1955
1241,"Begich, Mark",D,Sen,-180459000000.0,AK,3,1962
1242,"Bennet, Michael F.",D,Sen,-277472000000.0,CO,5,1964
1243,"Brown, Scott P.",R,Sen,-11143000000.0,MA,2,1959
1244,"Burris, Roland",D,Sen,-127445000000.0,IL,1,1937
1245,"Coons, Christopher A.",D,Sen,-150023000000.0,DE,5,1963
1246,"Franken, Al",D,Sen,-197458000000.0,MN,5,1951
1247,"Goodwin, Carte P.",D,Sen,0.0,WV,1,1974
1248,"Hagan, Kay",D,Sen,-169259000000.0,NC,3,1953
1249,"Johanns, Mike",R,Sen,-80828000000.0,NE,3,1950
1250,"Kaufman, Edward E. (Ted)",D,Sen,-127445000000.0,DE,1,1939
1251,"Kirk, Paul G., Jr.",D,Sen,-38900000000.0,MA,1,1938
1252,"Lemieux, George S.",R,Sen,0.0,FL,1,1969
1253,"Manchin, Joe, III",D,Sen,-150138000000.0,WV,5,1947
1254,"Merkley, Jeff",D,Sen,-277583000000.0,OR,5,1956
1255,"Risch, James",R,Sen,-113931000000.0,ID,5,1943
1256,"Shaheen, Jeanne",D,Sen,-277472000000.0,NH,5,1947
1257,"Udall, Mark",D,Sen,-180348000000.0,CO,3,1950
1258,"Udall, Thomas (Tom)",D,Sen,-281283000000.0,NM,5,1948
1259,"Warner, Mark",D,Sen,-277472000000.0,VA,5,1954
1260,"Wicker, Roger F.",R,Sen,-212372000000.0,MS,5,1951
1261,"Ayotte, Kelly",R,Sen,-149856000000.0,NH,3,1968
1262,"Blumenthal, Richard",D,Sen,-153838000000.0,CT,4,1946
1263,"Blunt, Roy",R,Sen,-57927000000.0,MO,4,1950
1264,"Boozman, John",R,Sen,-150027000000.0,AR,4,1950
1265,"Bordallo, Madeleine",D,Sen,0.0,GU,4,1933
1266,"Gillibrand, Kirsten",D,Sen,-153838000000.0,NY,4,1966
1267,"Hoeven, John",R,Sen,-150027000000.0,ND,4,1957
1268,"Johnson, Ron",R,Sen,-123973000000.0,WI,4,1955
1269,"Kirk, Mark Steven",R,Sen,-149662000000.0,IL,3,1959
1270,"Lee, Mike",R,Sen,-16113000000.0,UT,4,1971
1271,"Moran, Jerry",R,Sen,-38467000000.0,KS,4,1954
1272,"Paul, Rand",R,Sen,-57873000000.0,KY,4,1963
1273,"Portman, Robert Jones (Rob)",R,Sen,-150027000000.0,OH,4,1955
1274,"Rubio, Marco",R,Sen,-57873000000.0,FL,4,1971
1275,"Schatz, Brian Emanuel",D,Sen,-138884000000.0,HI,4,1972
1276,"Toomey, Patrick Joseph",R,Sen,-149686000000.0,PA,4,1961
1277,"Baldwin, Tammy",D,Sen,-142584000000.0,WI,3,1962
1278,"Boehner, John Andrew",R,Sen,0.0,US,1,1949
1279,"Booker, Cory Anthony",D,Sen,-50484000000.0,NJ,3,1969
1280,"Chiesa, Jeffrey Scott",R,Sen,3700000000.0,NJ,1,1965
1281,"Christensen, Donna Marie",D,Sen,0.0,VI,1,1945
1282,"Cowan, William (Mo)",D,Sen,0.0,MA,1,1969
1283,"Cruz, Rafael Edward (Ted)",R,Sen,-46784000000.0,TX,3,1970
1284,"Donnelly, Joe",D,Sen,-138884000000.0,IN,3,1955
1285,"Fischer, Debra (Deb)",R,Sen,-138884000000.0,NE,3,1951
1286,"Flake, Jeff",R,Sen,-46784000000.0,AZ,3,1962
1287,"Heinrich, Martin",D,Sen,-138884000000.0,NM,3,1971
1288,"Heitkamp, Mary Kathryn (Heidi)",D,Sen,-138884000000.0,ND,3,1955
1289,"Heller, Dean",R,Sen,-138884000000.0,NV,3,1960
1290,"Hirono, Mazie",D,Sen,-142584000000.0,HI,3,1947
1291,"Kaine, Timothy Michael (Tim)",D,Sen,-138884000000.0,VA,3,1958
1292,"King, Angus Stanley, Jr.",I,Sen,-138884000000.0,ME,3,1944
1293,"Murphy, Christopher",D,Sen,-50484000000.0,CT,3,1973
1294,"Scott, Tim",R,Sen,-46784000000.0,SC,3,1965
1295,"Walsh, John E.",D,Sen,-45460000000.0,MT,1,1960
1296,"Warren, Elizabeth",D,Sen,-50484000000.0,MA,3,1949
1297,"Capito, Shelley Moore",R,Sen,-97124000000.0,WV,2,1953
1298,"Cassidy, Bill",R,Sen,-97124000000.0,LA,2,1957
1299,"Cotton, Tom",R,Sen,-97124000000.0,AR,2,1977
1300,"Daines, Steve",R,Sen,-5024000000.0,MT,2,1962
1301,"Ernst, Joni",R,Sen,-97124000000.0,IA,2,1970
1302,"Gardner, Cory",R,Sen,-97124000000.0,CO,2,1974
1303,"Lankford, James",R,Sen,-97124000000.0,OK,2,1968
1304,"Markey, Edward John",D,Sen,-97124000000.0,MA,2,1946
1305,"Perdue, David Alfred, Jr.",R,Sen,-97124000000.0,GA,2,1949
1306,"Peters, Gary C.",D,Sen,-97124000000.0,MI,2,1958
1307,"Rounds, Marion Michael (Mike)",R,Sen,-97124000000.0,SD,2,1954
1308,"Sasse, Benjamin Eric",R,Sen,-5024000000.0,NE,2,1972
1309,"Sullivan, Daniel Scott",R,Sen,-92124000000.0,AK,2,1964
1310,"Tillis, Thomas Roland (Thom)",R,Sen,-97124000000.0,NC,2,1960
1311,"Cortez masto, Catherine Marie",D,Sen,0.0,NV,1,1964
1312,"Duckworth, Tammy",D,Sen,0.0,IL,1,1968
1313,"Harris, Kamala Devi",D,Sen,0.0,CA,1,1964
1314,"Hassan, Margaret Wood (Maggie)",D,Sen,0.0,NH,1,1958
1315,"Hyde-smith, Cindy",R,Sen,0.0,MS,1,1959
1316,"Jones, Gordon Douglas (Doug)",D,Sen,0.0,AL,1,1954
1317,"Kennedy, John Neely",R,Sen,0.0,LA,1,1951
1318,"Smith, Tina",D,Sen,0.0,MN,1,1958
1319,"Strange, Luther  Johnson, III",R,Sen,0.0,AL,1,1953
1320,"Van hollen, Christopher",D,Sen,0.0,MD,1,1959
1321,"Young, Todd",R,Sen,0.0,IN,1,1972
